Date,Day,Direction,MBIKE,CAR,LGV,BUS,HGV_RIG,HGV_ART,CARAVAN,TOTAL_HGV,TOTAL_ALL
Wednesday 1 January 2020,Wednesday,S,75,20027,1067,57,36,31,11,67,21304
Wednesday 1 January 2020,Wednesday,N,73,20893,1113,59,41,34,16,75,22229
Thursday 2 January 2020,Thursday,S,84,26116,2457,122,359,355,38,714,29531
Thursday 2 January 2020,Thursday,N,99,26681,2788,125,353,373,54,726,30473
Friday 3 January 2020,Friday,S,123,29580,2809,161,450,461,87,911,33671
Friday 3 January 2020,Friday,N,112,28916,2919,150,461,443,75,904,33076
Saturday 4 January 2020,Saturday,S,85,26797,1906,92,143,170,42,313,29235
Saturday 4 January 2020,Saturday,N,64,26673,1888,93,160,159,49,319,29086
Sunday 5 January 2020,Sunday,S,113,23723,1454,86,55,86,37,141,25554
Sunday 5 January 2020,Sunday,N,111,25247,1470,76,71,93,36,164,27104
Monday 6 January 2020,Monday,S,87,26864,3321,183,667,556,77,1223,31755
Monday 6 January 2020,Monday,N,84,27924,3486,165,652,566,86,1218,32963
Tuesday 7 January 2020,Tuesday,S,101,28137,3556,167,666,591,85,1257,33303
Tuesday 7 January 2020,Tuesday,N,95,28881,3826,170,690,586,84,1276,34332
Wednesday 8 January 2020,Wednesday,S,115,29193,3691,187,685,587,119,1272,34577
Wednesday 8 January 2020,Wednesday,N,130,29507,4010,184,756,635,110,1391,35332
Thursday 9 January 2020,Thursday,S,109,29728,3761,185,763,631,90,1394,35267
Thursday 9 January 2020,Thursday,N,113,29843,3973,185,812,665,110,1477,35701
Friday 10 January 2020,Friday,S,124,30655,3752,171,691,605,119,1296,36117
Friday 10 January 2020,Friday,N,120,30726,4071,188,730,664,120,1394,36619
Saturday 11 January 2020,Saturday,S,51,26591,2047,106,191,212,58,403,29256
Saturday 11 January 2020,Saturday,N,56,25614,2128,99,188,180,60,368,28325
Sunday 12 January 2020,Sunday,S,117,27354,1543,101,78,79,53,157,29325
Sunday 12 January 2020,Sunday,N,111,27684,1567,91,82,99,70,181,29704
Monday 13 January 2020,Monday,S,83,26189,3397,160,627,592,71,1219,31119
Monday 13 January 2020,Monday,N,70,27129,3696,160,677,625,71,1302,32428
Tuesday 14 January 2020,Tuesday,S,94,29305,3736,181,751,671,100,1422,34838
Tuesday 14 January 2020,Tuesday,N,94,29867,4058,182,792,637,112,1429,35742
Wednesday 15 January 2020,Wednesday,S,105,30680,3881,181,741,665,128,1406,36381
Wednesday 15 January 2020,Wednesday,N,118,31282,4115,179,739,706,117,1445,37256
Thursday 16 January 2020,Thursday,S,130,29681,3747,189,760,628,96,1388,35231
Thursday 16 January 2020,Thursday,N,96,30137,4026,189,749,679,106,1428,35982
Friday 17 January 2020,Friday,S,124,31946,3776,206,771,598,129,1369,37550
Friday 17 January 2020,Friday,N,117,30985,4198,192,746,647,134,1393,37019
Saturday 18 January 2020,Saturday,S,72,29565,2330,111,234,206,90,440,32608
Saturday 18 January 2020,Saturday,N,68,27813,2453,104,245,204,88,449,30975
Sunday 19 January 2020,Sunday,S,106,26665,1515,101,98,78,47,176,28610
Sunday 19 January 2020,Sunday,N,84,27429,1851,94,112,105,52,217,29727
Monday 20 January 2020,Monday,S,108,28660,3660,177,737,677,134,1414,34153
Monday 20 January 2020,Monday,N,109,29279,4151,169,830,733,103,1563,35374
Tuesday 21 January 2020,Tuesday,S,95,29391,3791,200,831,712,148,1543,35168
Tuesday 21 January 2020,Tuesday,N,92,29924,3966,187,852,696,140,1548,35857
Wednesday 22 January 2020,Wednesday,S,134,30785,3881,189,838,657,147,1495,36631
Wednesday 22 January 2020,Wednesday,N,101,31125,3974,179,825,676,120,1501,37000
Thursday 23 January 2020,Thursday,S,93,29867,3831,193,844,671,147,1515,35646
Thursday 23 January 2020,Thursday,N,113,31120,4134,191,841,710,136,1551,37245
Friday 24 January 2020,Friday,S,113,31764,3774,188,805,646,158,1451,37448
Friday 24 January 2020,Friday,N,123,31233,4081,191,867,696,134,1563,37325
Saturday 25 January 2020,Saturday,S,103,30796,2421,137,220,230,91,450,33998
Saturday 25 January 2020,Saturday,N,81,28954,2396,125,222,220,93,442,32091
Sunday 26 January 2020,Sunday,S,86,26664,1608,100,104,81,56,185,28699
Sunday 26 January 2020,Sunday,N,94,27908,1715,98,89,97,53,186,30054
Monday 27 January 2020,Monday,S,98,29222,3794,181,728,711,140,1439,34874
Monday 27 January 2020,Monday,N,83,30328,4020,189,741,729,133,1470,36223
Tuesday 28 January 2020,Tuesday,S,98,30053,3820,193,825,693,155,1518,35837
Tuesday 28 January 2020,Tuesday,N,104,30298,4134,177,842,714,144,1556,36413
Wednesday 29 January 2020,Wednesday,S,113,30509,3879,200,741,696,127,1437,36265
Wednesday 29 January 2020,Wednesday,N,104,31295,4235,189,769,670,122,1439,37384
Thursday 30 January 2020,Thursday,S,113,30793,3755,186,852,658,128,1510,36485
Thursday 30 January 2020,Thursday,N,108,31746,4262,191,852,691,109,1543,37959
Friday 31 January 2020,Friday,S,102,32753,3817,193,735,629,122,1364,38351
Friday 31 January 2020,Friday,N,139,31241,3950,208,737,663,113,1400,37051
Saturday 1 February 2020,Saturday,S,77,28816,2375,127,201,210,81,411,31887
Saturday 1 February 2020,Saturday,N,71,27251,2326,129,222,228,76,450,30303
Sunday 2 February 2020,Sunday,S,94,27455,1571,121,115,96,59,211,29511
Sunday 2 February 2020,Sunday,N,103,28366,1696,111,96,108,59,204,30539
Monday 3 February 2020,Monday,S,109,29135,3690,198,711,659,107,1370,34609
Monday 3 February 2020,Monday,N,113,30597,4084,173,735,679,110,1414,36491
Tuesday 4 February 2020,Tuesday,S,114,30138,3855,206,773,734,125,1507,35945
Tuesday 4 February 2020,Tuesday,N,115,30850,4143,193,790,729,117,1519,36937
Wednesday 5 February 2020,Wednesday,S,112,30941,3925,186,834,680,142,1514,36820
Wednesday 5 February 2020,Wednesday,N,127,31260,4356,182,829,692,139,1521,37585
Thursday 6 February 2020,Thursday,S,110,31427,3888,196,822,682,141,1504,37266
Thursday 6 February 2020,Thursday,N,145,31668,4267,209,859,728,132,1587,38008
Friday 7 February 2020,Friday,S,91,31557,3878,217,776,652,133,1428,37304
Friday 7 February 2020,Friday,N,106,31038,4187,228,809,695,121,1504,37184
Saturday 8 February 2020,Saturday,S,54,27800,2227,118,230,193,69,423,30691
Saturday 8 February 2020,Saturday,N,64,27059,2312,134,232,223,85,455,30109
Sunday 9 February 2020,Sunday,S,44,19297,1252,94,74,70,24,144,20855
Sunday 9 February 2020,Sunday,N,35,21000,1399,85,78,87,26,165,22710
Monday 10 February 2020,Monday,S,61,28479,3609,181,679,607,108,1286,33724
Monday 10 February 2020,Monday,N,67,29761,4003,173,707,629,98,1336,35438
Tuesday 11 February 2020,Tuesday,S,74,28023,3598,170,741,643,124,1384,33373
Tuesday 11 February 2020,Tuesday,N,64,29152,3982,165,763,633,119,1396,34878
Wednesday 12 February 2020,Wednesday,S,81,30726,3939,186,828,606,137,1434,36503
Wednesday 12 February 2020,Wednesday,N,87,31479,4182,174,833,655,126,1488,37536
Thursday 13 February 2020,Thursday,S,104,31116,3985,209,812,692,136,1504,37054
Thursday 13 February 2020,Thursday,N,102,31800,4384,193,807,757,132,1564,38175
Friday 14 February 2020,Friday,S,90,31373,3850,173,705,656,127,1361,36974
Friday 14 February 2020,Friday,N,109,31358,4167,187,735,706,128,1441,37390
Saturday 15 February 2020,Saturday,S,39,24055,2035,104,232,175,57,407,26697
Saturday 15 February 2020,Saturday,N,33,23458,2154,102,226,188,56,414,26217
Sunday 16 February 2020,Sunday,S,67,24064,1502,109,75,86,39,161,25942
Sunday 16 February 2020,Sunday,N,61,25198,1574,101,65,111,37,176,27147
Monday 17 February 2020,Monday,S,86,28967,3617,184,722,685,136,1407,34397
Monday 17 February 2020,Monday,N,106,29867,3969,175,751,662,145,1413,35675
Tuesday 18 February 2020,Tuesday,S,90,29850,3793,190,802,648,149,1450,35522
Tuesday 18 February 2020,Tuesday,N,108,30444,4153,173,800,661,155,1461,36494
Wednesday 19 February 2020,Wednesday,S,93,29941,3806,198,785,653,141,1438,35617
Wednesday 19 February 2020,Wednesday,N,102,30937,4217,188,750,685,133,1435,37012
Thursday 20 February 2020,Thursday,S,86,29614,3676,180,777,672,159,1449,35164
Thursday 20 February 2020,Thursday,N,89,31612,4270,192,824,699,162,1523,37848
Friday 21 February 2020,Friday,S,94,31097,3826,185,716,624,130,1340,36672
Friday 21 February 2020,Friday,N,99,30615,4233,170,723,668,116,1391,36624
Saturday 22 February 2020,Saturday,S,81,28666,2429,141,243,187,98,430,31845
Saturday 22 February 2020,Saturday,N,76,27744,2382,123,229,183,110,412,30847
Sunday 23 February 2020,Sunday,S,86,24834,1577,116,115,87,42,202,26857
Sunday 23 February 2020,Sunday,N,95,26364,1695,102,91,97,44,188,28488
Monday 24 February 2020,Monday,S,85,28511,3673,170,762,708,144,1470,34053
Monday 24 February 2020,Monday,N,94,29609,3851,190,779,684,109,1463,35316
Tuesday 25 February 2020,Tuesday,S,86,28167,3661,202,744,751,151,1495,33762
Tuesday 25 February 2020,Tuesday,N,89,30600,4168,190,805,733,119,1538,36704
Wednesday 26 February 2020,Wednesday,S,94,30628,3978,201,830,681,162,1511,36574
Wednesday 26 February 2020,Wednesday,N,91,31988,4323,270,834,717,131,1551,38354
Thursday 27 February 2020,Thursday,S,117,31010,3856,200,817,763,167,1580,36930
Thursday 27 February 2020,Thursday,N,112,31793,4307,187,833,762,140,1595,38134
Friday 28 February 2020,Friday,S,87,32025,3936,198,788,689,144,1477,37867
Friday 28 February 2020,Friday,N,84,31251,4198,217,770,782,127,1552,37429
Saturday 29 February 2020,Saturday,S,56,26221,2190,124,213,175,71,388,29050
Saturday 29 February 2020,Saturday,N,52,25075,2333,104,210,205,63,415,28042
Sunday 1 March 2020,Sunday,S,105,25839,1573,116,95,83,57,178,27868
Sunday 1 March 2020,Sunday,N,94,27117,1715,99,90,92,61,182,29268
Monday 2 March 2020,Monday,S,107,29001,3750,186,787,671,137,1458,34639
Monday 2 March 2020,Monday,N,98,30755,4091,195,765,674,147,1439,36725
Tuesday 3 March 2020,Tuesday,S,106,29980,3861,211,892,743,142,1635,35935
Tuesday 3 March 2020,Tuesday,N,120,30866,4100,207,884,750,130,1634,37057
Wednesday 4 March 2020,Wednesday,S,123,30913,3838,216,855,767,157,1622,36869
Wednesday 4 March 2020,Wednesday,N,127,31239,4244,196,875,777,137,1652,37595
Thursday 5 March 2020,Thursday,S,126,31581,3935,204,842,772,171,1614,37631
Thursday 5 March 2020,Thursday,N,125,32103,4246,221,831,796,166,1627,38488
Friday 6 March 2020,Friday,S,103,32101,3824,235,811,698,174,1509,37946
Friday 6 March 2020,Friday,N,99,31512,4242,218,817,728,148,1545,37764
Saturday 7 March 2020,Saturday,S,101,28675,2399,123,251,208,95,459,31852
Saturday 7 March 2020,Saturday,N,89,27518,2428,116,244,210,104,454,30709
Sunday 8 March 2020,Sunday,S,115,26152,1594,115,118,102,59,220,28255
Sunday 8 March 2020,Sunday,N,97,26664,1643,107,100,111,65,211,28787
Monday 9 March 2020,Monday,S,89,28264,3551,205,745,725,159,1470,33738
Monday 9 March 2020,Monday,N,82,29682,3985,200,760,707,141,1467,35557
Tuesday 10 March 2020,Tuesday,S,109,29219,3839,206,900,746,162,1646,35181
Tuesday 10 March 2020,Tuesday,N,92,29990,4023,205,880,751,132,1631,36073
Wednesday 11 March 2020,Wednesday,S,80,29330,3875,191,857,726,169,1583,35228
Wednesday 11 March 2020,Wednesday,N,95,30020,4258,191,842,716,161,1558,36283
Thursday 12 March 2020,Thursday,S,93,28921,3866,213,797,646,140,1443,34676
Thursday 12 March 2020,Thursday,N,106,28776,4254,202,801,703,129,1504,34971
Friday 13 March 2020,Friday,S,106,26933,4000,182,798,680,169,1478,32868
Friday 13 March 2020,Friday,N,120,24656,4107,160,803,736,139,1539,30721
Saturday 14 March 2020,Saturday,S,89,21370,2147,112,231,278,87,509,24314
Saturday 14 March 2020,Saturday,N,89,19764,2052,103,208,261,86,469,22563
Sunday 15 March 2020,Sunday,S,155,20201,1353,89,73,101,29,174,22001
Sunday 15 March 2020,Sunday,N,153,20734,1446,73,76,149,27,225,22658
Monday 16 March 2020,Monday,S,117,20498,3208,179,607,626,121,1233,25356
Monday 16 March 2020,Monday,N,129,20706,3441,168,580,632,118,1212,25774
Tuesday 17 March 2020,Tuesday,S,111,19457,1521,84,138,222,38,360,21571
Tuesday 17 March 2020,Tuesday,N,113,20170,1639,61,138,224,53,362,22398
Wednesday 18 March 2020,Wednesday,S,112,19178,3501,161,810,726,144,1536,24632
Wednesday 18 March 2020,Wednesday,N,95,19483,3601,137,789,718,133,1507,24956
Thursday 19 March 2020,Thursday,S,113,19824,3550,145,883,752,169,1635,25436
Thursday 19 March 2020,Thursday,N,133,19490,3773,162,859,755,160,1614,25332
Friday 20 March 2020,Friday,S,118,21046,3680,158,843,691,162,1534,26698
Friday 20 March 2020,Friday,N,112,19710,3723,150,844,738,151,1582,25428
Saturday 21 March 2020,Saturday,S,118,18640,1903,79,194,272,66,466,21272
Saturday 21 March 2020,Saturday,N,110,18307,1852,79,198,276,76,474,20898
Sunday 22 March 2020,Sunday,S,212,20893,1263,36,63,95,19,158,22581
Sunday 22 March 2020,Sunday,N,241,21901,1341,51,46,125,23,171,23728
Monday 23 March 2020,Monday,S,110,16629,3310,134,767,681,140,1448,21771
Monday 23 March 2020,Monday,N,103,16949,3431,148,764,690,147,1454,22232
Tuesday 24 March 2020,Tuesday,S,108,17195,3412,136,834,701,127,1535,22513
Tuesday 24 March 2020,Tuesday,N,100,17183,3586,137,822,718,140,1540,22686
Wednesday 25 March 2020,Wednesday,S,149,15773,3307,124,821,666,137,1487,20977
Wednesday 25 March 2020,Wednesday,N,135,15895,3387,124,796,691,129,1487,21157
Thursday 26 March 2020,Thursday,S,128,15599,3342,143,792,662,123,1454,20789
Thursday 26 March 2020,Thursday,N,129,15519,3414,136,795,692,125,1487,20810
Friday 27 March 2020,Friday,S,130,17062,3385,133,802,676,161,1478,22349
Friday 27 March 2020,Friday,N,123,16709,3331,140,813,729,168,1542,22013
Saturday 28 March 2020,Saturday,S,32,5711,841,56,127,194,38,321,6999
Saturday 28 March 2020,Saturday,N,32,5823,892,63,118,198,37,316,7163
Sunday 29 March 2020,Sunday,S,14,3635,356,39,46,72,14,118,4176
Sunday 29 March 2020,Sunday,N,18,3905,389,52,36,105,8,141,4513
Monday 30 March 2020,Monday,S,40,7783,1463,100,328,463,40,791,10217
Monday 30 March 2020,Monday,N,46,7976,1553,121,327,514,40,841,10577
Tuesday 31 March 2020,Tuesday,S,56,7215,1282,98,330,495,24,825,9500
Tuesday 31 March 2020,Tuesday,N,59,7213,1343,118,299,511,30,810,9573
Wednesday 1 April 2020,Wednesday,S,40,7282,1366,81,311,437,31,748,9548
Wednesday 1 April 2020,Wednesday,N,39,7370,1340,78,292,474,42,766,9635
Thursday 2 April 2020,Thursday,S,49,7463,1367,70,289,451,21,740,9710
Thursday 2 April 2020,Thursday,N,42,7562,1420,79,290,462,18,752,9873
Friday 3 April 2020,Friday,S,77,8061,1494,67,306,443,24,749,10472
Friday 3 April 2020,Friday,N,51,8070,1432,78,296,460,23,756,10410
Saturday 4 April 2020,Saturday,S,34,5293,715,35,104,154,19,258,6354
Saturday 4 April 2020,Saturday,N,36,5247,728,48,94,142,18,236,6313
Sunday 5 April 2020,Sunday,S,29,4175,412,33,43,78,12,121,4782
Sunday 5 April 2020,Sunday,N,32,4344,422,50,41,80,12,121,4981
Monday 6 April 2020,Monday,S,53,7540,1318,82,285,377,35,662,9690
Monday 6 April 2020,Monday,N,50,7790,1376,85,286,427,33,713,10047
Tuesday 7 April 2020,Tuesday,S,67,8063,1413,75,308,444,42,752,10412
Tuesday 7 April 2020,Tuesday,N,64,8119,1430,79,289,445,43,734,10469
Wednesday 8 April 2020,Wednesday,S,59,7217,1407,75,323,452,23,775,9556
Wednesday 8 April 2020,Wednesday,N,57,7973,1493,80,324,456,31,780,10414
Thursday 9 April 2020,Thursday,S,53,6033,1193,69,323,469,18,792,8158
Thursday 9 April 2020,Thursday,N,63,7259,1408,79,329,529,23,858,9690
Friday 10 April 2020,Friday,S,46,5554,866,74,209,334,24,543,7107
Friday 10 April 2020,Friday,N,57,5883,1153,77,265,375,17,640,7827
Saturday 11 April 2020,Saturday,S,20,3748,524,43,105,135,12,240,4587
Saturday 11 April 2020,Saturday,N,36,4126,584,54,103,142,17,245,5062
Sunday 12 April 2020,Sunday,S,20,2621,217,33,24,42,8,66,2965
Sunday 12 April 2020,Sunday,N,17,2893,276,49,32,34,6,66,3307
Monday 13 April 2020,Monday,S,21,3248,369,28,78,111,9,189,3864
Monday 13 April 2020,Monday,N,24,3525,416,49,79,127,13,206,4233
Tuesday 14 April 2020,Tuesday,S,61,7485,1379,68,320,404,29,724,9746
Tuesday 14 April 2020,Tuesday,N,69,7699,1501,71,326,425,40,751,10131
Wednesday 15 April 2020,Wednesday,S,64,7811,1431,76,368,409,37,777,10196
Wednesday 15 April 2020,Wednesday,N,62,7905,1499,82,341,412,39,753,10340
Thursday 16 April 2020,Thursday,S,58,7888,1496,81,366,429,33,795,10351
Thursday 16 April 2020,Thursday,N,52,8033,1570,77,350,436,30,786,10548
Friday 17 April 2020,Friday,S,23,7914,1147,67,291,431,46,722,9919
Friday 17 April 2020,Friday,N,59,8003,1566,81,329,444,41,773,10523
Saturday 18 April 2020,Saturday,S,20,4648,686,43,135,138,10,273,5680
Saturday 18 April 2020,Saturday,N,21,4874,727,53,123,148,13,271,5959
Sunday 19 April 2020,Sunday,S,22,3687,348,37,36,86,12,122,4228
Sunday 19 April 2020,Sunday,N,23,3929,353,48,39,99,6,138,4497
Monday 20 April 2020,Monday,S,62,7669,1540,82,318,437,37,755,10145
Monday 20 April 2020,Monday,N,70,7951,1591,89,319,447,41,766,10508
Tuesday 21 April 2020,Tuesday,S,64,8060,1579,80,391,425,31,816,10630
Tuesday 21 April 2020,Tuesday,N,67,8188,1623,80,351,441,33,792,10783
Wednesday 22 April 2020,Wednesday,S,67,8366,1668,81,361,454,45,815,11042
Wednesday 22 April 2020,Wednesday,N,63,8612,1728,81,339,460,47,799,11330
Thursday 23 April 2020,Thursday,S,71,8528,1691,84,356,457,39,813,11226
Thursday 23 April 2020,Thursday,N,70,8665,1760,82,367,483,42,850,11469
Friday 24 April 2020,Friday,S,30,7502,1165,81,288,402,55,690,9523
Friday 24 April 2020,Friday,N,82,8334,1722,86,355,448,43,803,11070
Saturday 25 April 2020,Saturday,S,34,4856,708,42,121,168,33,289,5962
Saturday 25 April 2020,Saturday,N,46,5056,747,62,114,161,26,275,6212
Sunday 26 April 2020,Sunday,S,18,3861,419,32,44,75,16,119,4465
Sunday 26 April 2020,Sunday,N,28,4188,444,53,48,88,20,136,4869
Monday 27 April 2020,Monday,S,61,8077,1602,96,358,433,52,791,10679
Monday 27 April 2020,Monday,N,65,8559,1588,98,366,469,50,835,11195
Tuesday 28 April 2020,Tuesday,S,38,7143,921,84,261,371,58,632,8876
Tuesday 28 April 2020,Tuesday,N,78,8306,1739,83,365,442,49,807,11062
Wednesday 29 April 2020,Wednesday,S,32,6553,938,95,251,378,37,629,8284
Wednesday 29 April 2020,Wednesday,N,46,8249,1757,85,352,445,40,797,10974
Thursday 30 April 2020,Thursday,S,17,7300,1101,76,284,466,43,750,9287
Thursday 30 April 2020,Thursday,N,38,8405,1737,71,362,516,34,878,11163
Friday 1 May 2020,Friday,S,32,7425,1416,79,300,464,54,764,9770
Friday 1 May 2020,Friday,N,61,8277,1793,85,363,495,50,858,11124
Saturday 2 May 2020,Saturday,S,27,4317,581,47,112,178,19,290,5281
Saturday 2 May 2020,Saturday,N,41,4889,764,63,114,197,24,311,6092
Sunday 3 May 2020,Sunday,S,25,3516,375,38,28,76,13,104,4071
Sunday 3 May 2020,Sunday,N,37,3924,356,56,40,81,13,121,4507
Monday 4 May 2020,Monday,S,27,3906,561,33,92,148,16,240,4783
Monday 4 May 2020,Monday,N,41,4376,547,42,90,152,18,242,5266
Tuesday 5 May 2020,Tuesday,S,85,9180,1807,86,380,473,56,853,12067
Tuesday 5 May 2020,Tuesday,N,82,9764,1882,74,377,509,62,886,12750
Wednesday 6 May 2020,Wednesday,S,87,9460,1897,86,386,475,56,861,12447
Wednesday 6 May 2020,Wednesday,N,90,9818,2006,87,371,482,61,853,12915
Thursday 7 May 2020,Thursday,S,78,9729,1973,96,420,484,56,904,12836
Thursday 7 May 2020,Thursday,N,67,9992,2080,101,381,491,65,872,13177
Friday 8 May 2020,Friday,S,88,9808,1926,88,407,514,54,921,12885
Friday 8 May 2020,Friday,N,84,10143,1979,103,392,498,56,890,13255
Saturday 9 May 2020,Saturday,S,60,6189,922,61,129,160,42,289,7563
Saturday 9 May 2020,Saturday,N,58,6428,886,57,109,153,29,262,7720
Sunday 10 May 2020,Sunday,S,23,4915,500,34,42,73,11,115,5598
Sunday 10 May 2020,Sunday,N,29,5316,588,48,42,82,16,124,6121
Monday 11 May 2020,Monday,S,62,9468,1918,88,363,453,74,816,12426
Monday 11 May 2020,Monday,N,76,9841,2013,106,330,465,74,795,12905
Tuesday 12 May 2020,Tuesday,S,76,10159,2046,101,412,466,55,878,13315
Tuesday 12 May 2020,Tuesday,N,73,10267,2158,91,408,481,62,889,13540
Wednesday 13 May 2020,Wednesday,S,75,10496,2086,85,432,481,66,913,13721
Wednesday 13 May 2020,Wednesday,N,76,10735,2141,83,444,494,62,938,14035
Thursday 14 May 2020,Thursday,S,83,10709,2185,98,432,522,57,954,14086
Thursday 14 May 2020,Thursday,N,84,10938,2307,101,415,532,68,947,14445
Friday 15 May 2020,Friday,S,84,11066,2258,76,447,507,57,954,14495
Friday 15 May 2020,Friday,N,90,11233,2339,86,461,536,68,997,14813
Saturday 16 May 2020,Saturday,S,56,7474,1056,50,126,166,37,292,8965
Saturday 16 May 2020,Saturday,N,66,7462,1043,58,134,168,41,302,8972
Sunday 17 May 2020,Sunday,S,58,6030,612,46,61,73,18,134,6898
Sunday 17 May 2020,Sunday,N,60,6528,621,50,52,83,25,135,7419
Monday 18 May 2020,Monday,S,78,13292,2887,91,565,528,142,1093,17583
Monday 18 May 2020,Monday,N,85,13805,3042,104,551,546,153,1097,18286
Tuesday 19 May 2020,Tuesday,S,103,13898,3099,106,763,536,134,1299,18639
Tuesday 19 May 2020,Tuesday,N,122,14306,3215,94,695,572,132,1267,19136
Wednesday 20 May 2020,Wednesday,S,98,14866,3058,104,806,635,139,1441,19706
Wednesday 20 May 2020,Wednesday,N,115,15110,3282,95,781,626,124,1407,20133
Thursday 21 May 2020,Thursday,S,108,14920,3238,117,775,637,138,1412,19933
Thursday 21 May 2020,Thursday,N,108,15219,3391,113,742,641,152,1383,20366
Friday 22 May 2020,Friday,S,74,14959,3111,101,795,577,154,1372,19771
Friday 22 May 2020,Friday,N,68,15081,3321,105,772,590,146,1362,20083
Saturday 23 May 2020,Saturday,S,54,10705,1550,51,179,142,76,321,12757
Saturday 23 May 2020,Saturday,N,59,10884,1552,53,161,136,83,297,12928
Sunday 24 May 2020,Sunday,S,100,8914,837,39,66,61,37,127,10054
Sunday 24 May 2020,Sunday,N,106,9587,780,51,60,87,33,147,10704
Monday 25 May 2020,Monday,S,107,15019,3191,109,787,594,151,1381,19958
Monday 25 May 2020,Monday,N,107,15610,3302,105,771,616,169,1387,20680
Tuesday 26 May 2020,Tuesday,S,113,15480,3401,98,851,633,157,1484,20733
Tuesday 26 May 2020,Tuesday,N,126,15832,3555,95,839,645,150,1484,21242
Wednesday 27 May 2020,Wednesday,S,136,16343,3417,93,855,656,182,1511,21682
Wednesday 27 May 2020,Wednesday,N,130,16581,3523,98,853,650,167,1503,22002
Thursday 28 May 2020,Thursday,S,144,16643,3592,112,800,640,169,1440,22100
Thursday 28 May 2020,Thursday,N,142,16856,3702,115,779,655,150,1434,22399
Friday 29 May 2020,Friday,S,145,16229,3471,109,834,649,164,1483,21601
Friday 29 May 2020,Friday,N,138,16339,3535,108,810,646,160,1456,21736
Saturday 30 May 2020,Saturday,S,111,11437,1631,53,189,190,110,379,13721
Saturday 30 May 2020,Saturday,N,121,11267,1612,62,190,184,118,374,13554
Sunday 31 May 2020,Sunday,S,102,9946,831,35,90,64,27,154,11095
Sunday 31 May 2020,Sunday,N,134,10152,777,48,77,71,33,148,11292
Monday 1 June 2020,Monday,S,105,10329,1100,46,140,165,53,305,11938
Monday 1 June 2020,Monday,N,126,11176,1115,53,127,173,50,300,12820
Tuesday 2 June 2020,Tuesday,S,145,17420,3532,133,855,705,158,1560,22948
Tuesday 2 June 2020,Tuesday,N,158,17901,3655,122,835,728,162,1563,23561
Wednesday 3 June 2020,Wednesday,S,106,16730,3538,113,820,647,173,1467,22127
Wednesday 3 June 2020,Wednesday,N,103,16923,3796,91,788,661,153,1449,22515
Thursday 4 June 2020,Thursday,S,103,17132,3720,127,877,669,182,1546,22810
Thursday 4 June 2020,Thursday,N,112,17176,3905,106,879,680,165,1559,23023
Friday 5 June 2020,Friday,S,96,17960,3663,132,814,674,161,1488,23500
Friday 5 June 2020,Friday,N,92,17626,3772,105,774,700,167,1474,23236
Saturday 6 June 2020,Saturday,S,48,13144,1809,55,202,211,92,413,15561
Saturday 6 June 2020,Saturday,N,49,13141,1727,63,207,217,84,424,15488
Sunday 7 June 2020,Sunday,S,116,12239,1036,38,77,81,39,158,13626
Sunday 7 June 2020,Sunday,N,109,13113,1064,46,79,81,38,160,14530
Monday 8 June 2020,Monday,S,157,20898,3663,121,754,642,180,1396,26415
Monday 8 June 2020,Monday,N,155,21209,3822,134,720,678,188,1398,26906
Tuesday 9 June 2020,Tuesday,S,138,21010,3751,151,838,642,174,1480,26704
Tuesday 9 June 2020,Tuesday,N,141,20877,3930,125,796,647,188,1443,26704
Wednesday 10 June 2020,Wednesday,S,102,20834,3752,121,837,621,153,1458,26420
Wednesday 10 June 2020,Wednesday,N,93,20913,3853,107,796,616,154,1412,26532
Thursday 11 June 2020,Thursday,S,100,20505,3788,136,823,674,160,1497,26186
Thursday 11 June 2020,Thursday,N,92,20562,3905,129,766,714,168,1480,26336
Friday 12 June 2020,Friday,S,93,21754,3889,112,829,625,158,1454,27460
Friday 12 June 2020,Friday,N,71,21032,3893,114,830,649,157,1479,26746
Saturday 13 June 2020,Saturday,S,126,20756,2130,67,222,229,106,451,23636
Saturday 13 June 2020,Saturday,N,99,19895,2048,64,187,223,109,410,22625
Sunday 14 June 2020,Sunday,S,174,20697,1321,42,76,81,52,157,22443
Sunday 14 June 2020,Sunday,N,214,21166,1299,41,82,78,67,160,22947
Monday 15 June 2020,Monday,S,158,21971,3812,136,844,655,168,1499,27744
Monday 15 June 2020,Monday,N,178,22340,3885,129,802,719,162,1521,28215
Tuesday 16 June 2020,Tuesday,S,150,22184,3926,129,897,702,179,1599,28167
Tuesday 16 June 2020,Tuesday,N,134,22144,3863,110,879,706,193,1585,28029
Wednesday 17 June 2020,Wednesday,S,119,22440,3950,119,895,698,184,1593,28405
Wednesday 17 June 2020,Wednesday,N,86,22600,4058,108,869,703,178,1572,28602
Thursday 18 June 2020,Thursday,S,110,22325,3922,153,888,700,183,1588,28281
Thursday 18 June 2020,Thursday,N,114,22216,4201,139,869,760,180,1629,28479
Friday 19 June 2020,Friday,S,97,24182,4039,146,891,693,164,1584,30212
Friday 19 June 2020,Friday,N,95,23118,4156,132,895,723,157,1618,29276
Saturday 20 June 2020,Saturday,S,161,25329,2344,81,233,215,111,448,28474
Saturday 20 June 2020,Saturday,N,155,25064,2347,75,197,197,120,394,28155
Sunday 21 June 2020,Sunday,S,138,21629,1436,46,69,69,55,138,23442
Sunday 21 June 2020,Sunday,N,180,22818,1437,39,64,89,54,153,24681
Monday 22 June 2020,Monday,S,97,21548,3765,158,842,658,167,1500,27235
Monday 22 June 2020,Monday,N,102,21974,4028,129,797,697,179,1494,27906
Tuesday 23 June 2020,Tuesday,S,110,23195,4072,138,857,697,174,1554,29243
Tuesday 23 June 2020,Tuesday,N,109,23162,4110,123,785,694,184,1479,29167
Wednesday 24 June 2020,Wednesday,S,149,24996,4122,139,906,705,183,1611,31200
Wednesday 24 June 2020,Wednesday,N,192,24391,4140,120,891,721,184,1612,30639
Thursday 25 June 2020,Thursday,S,200,28173,4181,155,927,727,210,1654,34573
Thursday 25 June 2020,Thursday,N,211,27676,4316,142,850,779,214,1629,34188
Friday 26 June 2020,Friday,S,151,27700,4333,137,804,668,207,1472,34000
Friday 26 June 2020,Friday,N,140,25930,4237,131,779,716,201,1495,32134
Saturday 27 June 2020,Saturday,S,104,23665,2360,52,223,216,111,439,26731
Saturday 27 June 2020,Saturday,N,74,22877,2215,60,201,212,107,413,25746
Sunday 28 June 2020,Sunday,S,73,20597,1458,51,87,80,80,167,22426
Sunday 28 June 2020,Sunday,N,87,22004,1573,51,76,110,81,186,23982
Monday 29 June 2020,Monday,S,93,26350,4067,139,780,655,218,1435,32302
Monday 29 June 2020,Monday,N,102,24758,4181,124,777,665,168,1442,30775
Tuesday 30 June 2020,Tuesday,S,122,26208,4034,152,840,684,202,1524,32242
Tuesday 30 June 2020,Tuesday,N,124,25917,4352,113,765,739,197,1504,32207
Wednesday 1 July 2020,Wednesday,S,84,26500,4213,140,861,711,180,1572,32689
Wednesday 1 July 2020,Wednesday,N,86,26079,4487,113,810,716,185,1526,32476
Thursday 2 July 2020,Thursday,S,174,28904,4305,151,917,721,231,1638,35403
Thursday 2 July 2020,Thursday,N,162,27733,4371,127,869,750,222,1619,34234
Friday 3 July 2020,Friday,S,88,30008,4111,149,873,738,240,1611,36207
Friday 3 July 2020,Friday,N,127,27025,4317,133,831,762,212,1593,33407
Saturday 4 July 2020,Saturday,S,136,28870,2488,65,243,239,131,482,32172
Saturday 4 July 2020,Saturday,N,126,26033,2376,67,230,237,124,467,29193
Sunday 5 July 2020,Sunday,S,158,25227,1600,57,75,75,96,150,27288
Sunday 5 July 2020,Sunday,N,152,29453,1898,61,88,86,98,174,31836
Monday 6 July 2020,Monday,S,145,26115,3944,146,809,692,163,1501,32014
Monday 6 July 2020,Monday,N,128,27295,4298,130,773,740,180,1513,33544
Tuesday 7 July 2020,Tuesday,S,85,25115,4004,137,841,705,167,1546,31054
Tuesday 7 July 2020,Tuesday,N,82,25652,4243,121,807,701,202,1508,31808
Wednesday 8 July 2020,Wednesday,S,89,26659,3994,154,900,710,184,1610,32690
Wednesday 8 July 2020,Wednesday,N,77,26465,4422,133,868,736,174,1604,32875
Thursday 9 July 2020,Thursday,S,100,28332,4284,153,924,667,210,1591,34670
Thursday 9 July 2020,Thursday,N,117,27321,4349,145,921,716,190,1637,33759
Friday 10 July 2020,Friday,S,129,32439,4311,146,838,647,251,1485,38761
Friday 10 July 2020,Friday,N,182,28530,4300,128,851,692,211,1543,34894
Saturday 11 July 2020,Saturday,S,171,30753,2325,98,237,244,152,481,33980
Saturday 11 July 2020,Saturday,N,188,29481,2408,93,204,207,134,411,32715
Sunday 12 July 2020,Sunday,S,196,28134,1503,70,125,71,124,196,30223
Sunday 12 July 2020,Sunday,N,248,32802,1982,58,104,78,141,182,35413
Monday 13 July 2020,Monday,S,114,25638,4027,139,831,698,211,1529,31658
Monday 13 July 2020,Monday,N,126,27427,4472,150,815,743,233,1558,33966
Tuesday 14 July 2020,Tuesday,S,128,24118,3567,137,791,683,164,1474,29588
Tuesday 14 July 2020,Tuesday,N,104,26377,4326,112,827,689,212,1516,32647
Wednesday 15 July 2020,Wednesday,S,120,28755,4216,143,909,658,175,1567,34976
Wednesday 15 July 2020,Wednesday,N,150,28298,4433,120,867,678,204,1545,34750
Thursday 16 July 2020,Thursday,S,168,29632,3944,157,830,666,197,1496,35594
Thursday 16 July 2020,Thursday,N,183,29295,4298,129,855,703,225,1558,35688
Friday 17 July 2020,Friday,S,119,32070,4162,147,889,715,248,1604,38350
Friday 17 July 2020,Friday,N,170,28570,4200,123,917,714,227,1631,34921
Saturday 18 July 2020,Saturday,S,125,30196,2367,94,217,205,132,422,33336
Saturday 18 July 2020,Saturday,N,160,28200,2330,80,208,204,159,412,31341
Sunday 19 July 2020,Sunday,S,182,29508,1495,84,103,77,110,180,31559
Sunday 19 July 2020,Sunday,N,218,33337,1853,93,113,99,144,212,35857
Monday 20 July 2020,Monday,S,160,27968,4053,134,787,662,227,1449,33991
Monday 20 July 2020,Monday,N,145,29180,4264,126,843,714,205,1557,35477
Tuesday 21 July 2020,Tuesday,S,149,29715,4174,151,948,686,202,1634,36025
Tuesday 21 July 2020,Tuesday,N,176,29719,4388,112,903,704,212,1607,36214
Wednesday 22 July 2020,Wednesday,S,130,28266,4141,145,938,712,195,1650,34527
Wednesday 22 July 2020,Wednesday,N,126,28671,4378,136,899,725,185,1624,35120
Thursday 23 July 2020,Thursday,S,119,28653,4278,154,889,704,206,1593,35003
Thursday 23 July 2020,Thursday,N,106,28271,4419,135,845,755,215,1600,34746
Friday 24 July 2020,Friday,S,125,31460,4057,154,850,708,248,1558,37602
Friday 24 July 2020,Friday,N,137,28843,4299,130,861,744,209,1605,35223
Saturday 25 July 2020,Saturday,S,132,28847,2446,108,257,262,169,519,32221
Saturday 25 July 2020,Saturday,N,109,27022,2286,91,219,235,169,454,30131
Sunday 26 July 2020,Sunday,S,148,27250,1600,75,100,82,97,182,29352
Sunday 26 July 2020,Sunday,N,181,30991,1937,69,105,101,127,206,33511
Monday 27 July 2020,Monday,S,93,26126,3901,136,751,697,180,1448,31884
Monday 27 July 2020,Monday,N,114,27201,4123,135,739,768,204,1507,33284
Tuesday 28 July 2020,Tuesday,S,137,28770,4146,148,866,711,220,1577,34998
Tuesday 28 July 2020,Tuesday,N,152,28662,4340,133,826,682,250,1508,35045
Wednesday 29 July 2020,Wednesday,S,122,28785,4133,136,872,692,201,1564,34941
Wednesday 29 July 2020,Wednesday,N,124,28648,4306,124,808,748,194,1556,34952
Thursday 30 July 2020,Thursday,S,129,31435,4370,139,936,700,207,1636,37916
Thursday 30 July 2020,Thursday,N,145,30121,4393,130,897,740,191,1637,36617
Friday 31 July 2020,Friday,S,148,33375,4058,144,797,628,273,1425,39423
Friday 31 July 2020,Friday,N,177,29729,4121,142,774,692,240,1466,35875
Saturday 1 August 2020,Saturday,S,124,30672,2198,91,218,232,125,450,33660
Saturday 1 August 2020,Saturday,N,131,27638,2181,81,198,239,129,437,30597
Sunday 2 August 2020,Sunday,S,145,27386,1434,88,106,63,98,169,29320
Sunday 2 August 2020,Sunday,N,188,28111,1557,79,90,73,111,163,30209
Monday 3 August 2020,Monday,S,153,26904,1719,71,156,198,124,354,29325
Monday 3 August 2020,Monday,N,171,32079,2143,81,159,202,165,361,35000
Tuesday 4 August 2020,Tuesday,S,124,27783,3924,167,840,658,185,1498,33681
Tuesday 4 August 2020,Tuesday,N,116,29782,4250,121,834,694,182,1528,35979
Wednesday 5 August 2020,Wednesday,S,114,27774,4018,175,943,713,195,1656,33932
Wednesday 5 August 2020,Wednesday,N,131,28448,4213,131,893,740,188,1633,34744
Thursday 6 August 2020,Thursday,S,145,32051,4289,152,875,704,221,1579,38437
Thursday 6 August 2020,Thursday,N,160,31082,4357,139,822,763,215,1585,37538
Friday 7 August 2020,Friday,S,103,31640,3981,157,793,705,252,1498,37631
Friday 7 August 2020,Friday,N,141,29528,4247,137,787,706,203,1493,35749
Saturday 8 August 2020,Saturday,S,168,30428,2214,99,217,250,108,467,33484
Saturday 8 August 2020,Saturday,N,217,30556,2450,89,190,213,138,403,33853
Sunday 9 August 2020,Sunday,S,171,27684,1563,86,108,88,145,196,29845
Sunday 9 August 2020,Sunday,N,211,32035,2035,73,95,101,167,196,34717
Monday 10 August 2020,Monday,S,95,26055,3823,141,773,689,193,1462,31769
Monday 10 August 2020,Monday,N,101,28089,4173,133,737,747,195,1484,34175
Tuesday 11 August 2020,Tuesday,S,145,28170,4265,162,904,690,190,1594,34526
Tuesday 11 August 2020,Tuesday,N,127,28403,4278,123,857,714,177,1571,34679
Wednesday 12 August 2020,Wednesday,S,144,30409,4016,163,920,678,188,1598,36518
Wednesday 12 August 2020,Wednesday,N,151,31115,4429,138,854,695,182,1549,37564
Thursday 13 August 2020,Thursday,S,135,29960,4234,153,946,674,207,1620,36309
Thursday 13 August 2020,Thursday,N,126,29512,4449,141,892,701,199,1593,36020
Friday 14 August 2020,Friday,S,123,32617,4173,168,770,624,217,1394,38692
Friday 14 August 2020,Friday,N,138,30659,4273,147,721,672,242,1393,36852
Saturday 15 August 2020,Saturday,S,159,29932,2256,96,251,229,162,480,33085
Saturday 15 August 2020,Saturday,N,163,29410,2345,90,193,219,171,412,32591
Sunday 16 August 2020,Sunday,S,106,24218,1426,78,91,75,107,166,26101
Sunday 16 August 2020,Sunday,N,141,29125,1904,75,102,85,128,187,31560
Monday 17 August 2020,Monday,S,99,23786,3687,155,791,637,193,1428,29348
Monday 17 August 2020,Monday,N,72,26906,4176,134,773,681,189,1454,32931
Tuesday 18 August 2020,Tuesday,S,108,28214,4182,161,925,653,183,1578,34426
Tuesday 18 August 2020,Tuesday,N,120,28420,4375,147,874,663,188,1537,34787
Wednesday 19 August 2020,Wednesday,S,70,26320,3883,128,868,590,169,1458,32028
Wednesday 19 August 2020,Wednesday,N,80,27239,4234,122,834,614,191,1448,33314
Thursday 20 August 2020,Thursday,S,83,26419,4055,158,863,633,149,1496,32360
Thursday 20 August 2020,Thursday,N,76,26102,4285,134,821,666,153,1487,32237
Friday 21 August 2020,Friday,S,114,31955,4214,164,871,596,185,1467,38099
Friday 21 August 2020,Friday,N,111,28897,4214,156,799,604,164,1403,34945
Saturday 22 August 2020,Saturday,S,103,28989,2362,113,253,211,135,464,32166
Saturday 22 August 2020,Saturday,N,97,27343,2344,87,226,204,126,430,30427
Sunday 23 August 2020,Sunday,S,171,26044,1629,78,114,100,92,214,28228
Sunday 23 August 2020,Sunday,N,196,30169,1949,70,104,92,114,196,32694
Monday 24 August 2020,Monday,S,103,27697,4008,130,777,638,193,1415,33546
Monday 24 August 2020,Monday,N,124,29404,4371,130,752,668,226,1420,35675
Tuesday 25 August 2020,Tuesday,S,57,24808,3836,148,825,662,154,1487,30490
Tuesday 25 August 2020,Tuesday,N,75,25815,4143,132,801,664,168,1465,31798
Wednesday 26 August 2020,Wednesday,S,136,30047,4297,160,934,633,195,1567,36402
Wednesday 26 August 2020,Wednesday,N,147,30081,4396,140,910,657,211,1567,36542
Thursday 27 August 2020,Thursday,S,92,27565,4103,178,900,639,171,1539,33648
Thursday 27 August 2020,Thursday,N,92,27380,4403,141,851,682,169,1533,33718
Friday 28 August 2020,Friday,S,72,29611,4073,161,768,622,198,1390,35505
Friday 28 August 2020,Friday,N,77,26471,4041,136,717,644,169,1361,32255
Saturday 29 August 2020,Saturday,S,135,30132,2398,109,250,224,157,474,33405
Saturday 29 August 2020,Saturday,N,162,28076,2489,81,232,225,141,457,31406
Sunday 30 August 2020,Sunday,S,177,27827,1555,83,108,92,116,200,29958
Sunday 30 August 2020,Sunday,N,214,31853,1906,65,136,91,180,227,34445
Monday 31 August 2020,Monday,S,120,26611,4127,164,790,663,151,1453,32626
Monday 31 August 2020,Monday,N,156,28595,4520,170,758,710,193,1468,35102
Tuesday 1 September 2020,Tuesday,S,152,27382,4213,186,833,684,162,1517,33612
Tuesday 1 September 2020,Tuesday,N,143,28249,4369,164,737,693,181,1430,34536
Wednesday 2 September 2020,Wednesday,S,74,26961,4179,162,880,683,182,1563,33121
Wednesday 2 September 2020,Wednesday,N,80,27117,4319,139,822,682,180,1504,33339
Thursday 3 September 2020,Thursday,S,149,29401,4450,178,882,747,186,1629,35993
Thursday 3 September 2020,Thursday,N,159,28902,4750,141,827,759,178,1586,35716
Friday 4 September 2020,Friday,S,124,31970,4391,167,819,709,224,1528,38404
Friday 4 September 2020,Friday,N,149,29486,4516,161,757,680,175,1437,35924
Saturday 5 September 2020,Saturday,S,137,30239,2434,108,247,269,161,516,33595
Saturday 5 September 2020,Saturday,N,150,28683,2511,100,227,264,166,491,32101
Sunday 6 September 2020,Sunday,S,176,27018,1703,74,90,89,92,179,29242
Sunday 6 September 2020,Sunday,N,159,30038,1830,84,121,110,144,231,32486
Monday 7 September 2020,Monday,S,113,25960,4066,162,780,708,160,1488,31949
Monday 7 September 2020,Monday,N,105,27306,4311,154,737,731,155,1468,33499
Tuesday 8 September 2020,Tuesday,S,148,27203,4248,176,876,727,164,1603,33542
Tuesday 8 September 2020,Tuesday,N,142,28094,4350,148,801,697,198,1498,34430
Wednesday 9 September 2020,Wednesday,S,185,28822,4374,173,800,730,178,1530,35262
Wednesday 9 September 2020,Wednesday,N,178,29080,4572,151,789,760,206,1549,35736
Thursday 10 September 2020,Thursday,S,133,28295,4274,179,749,757,180,1506,34567
Thursday 10 September 2020,Thursday,N,165,28614,4625,161,777,792,197,1569,35331
Friday 11 September 2020,Friday,S,101,30568,4316,169,823,718,238,1541,36933
Friday 11 September 2020,Friday,N,112,28684,4406,154,793,732,184,1525,35065
Saturday 12 September 2020,Saturday,S,142,29550,2370,98,259,263,143,522,32825
Saturday 12 September 2020,Saturday,N,169,27974,2437,91,227,271,131,498,31300
Sunday 13 September 2020,Sunday,S,199,28899,1462,84,113,96,74,209,30927
Sunday 13 September 2020,Sunday,N,241,33024,1816,85,90,111,132,201,35499
Monday 14 September 2020,Monday,S,153,26894,4146,175,898,731,229,1629,33226
Monday 14 September 2020,Monday,N,131,28198,4420,174,832,769,228,1601,34752
Tuesday 15 September 2020,Tuesday,S,142,28751,4198,196,913,756,198,1669,35154
Tuesday 15 September 2020,Tuesday,N,182,29091,4534,176,866,765,225,1631,35839
Wednesday 16 September 2020,Wednesday,S,178,28863,4354,187,878,691,201,1569,35352
Wednesday 16 September 2020,Wednesday,N,170,29142,4552,172,869,725,195,1594,35825
Thursday 17 September 2020,Thursday,S,151,29499,4392,168,872,720,229,1592,36031
Thursday 17 September 2020,Thursday,N,185,29240,4620,167,835,748,211,1583,36006
Friday 18 September 2020,Friday,S,140,31778,4414,195,760,678,216,1438,38181
Friday 18 September 2020,Friday,N,159,29893,4671,165,722,704,186,1426,36500
Saturday 19 September 2020,Saturday,S,121,18302,2093,98,221,228,122,449,21185
Saturday 19 September 2020,Saturday,N,103,18595,2032,98,188,251,127,439,21394
Sunday 20 September 2020,Sunday,S,106,15056,1283,76,72,94,67,166,16754
Sunday 20 September 2020,Sunday,N,169,18947,1479,71,89,105,123,194,20983
Monday 21 September 2020,Monday,S,128,22220,3989,183,818,727,194,1545,28259
Monday 21 September 2020,Monday,N,129,23582,4171,166,808,748,208,1556,29812
Tuesday 22 September 2020,Tuesday,S,128,22611,4039,169,888,718,144,1606,28697
Tuesday 22 September 2020,Tuesday,N,109,23693,4245,146,840,740,156,1580,29929
Wednesday 23 September 2020,Wednesday,S,114,23624,4239,188,863,781,165,1644,29974
Wednesday 23 September 2020,Wednesday,N,127,24348,4420,171,851,795,175,1646,30887
Thursday 24 September 2020,Thursday,S,83,23505,4317,196,820,725,154,1545,29800
Thursday 24 September 2020,Thursday,N,83,23999,4500,160,795,729,173,1524,30439
Friday 25 September 2020,Friday,S,100,25331,4300,182,805,723,215,1528,31656
Friday 25 September 2020,Friday,N,99,24656,4407,158,791,769,183,1560,31063
Saturday 26 September 2020,Saturday,S,114,19236,2198,101,260,223,151,483,22283
Saturday 26 September 2020,Saturday,N,122,19031,2149,91,223,252,149,475,22017
Sunday 27 September 2020,Sunday,S,139,16940,1285,80,79,74,75,153,18672
Sunday 27 September 2020,Sunday,N,167,18835,1411,73,95,110,101,205,20792
Monday 28 September 2020,Monday,S,117,22155,4012,178,843,702,178,1545,28185
Monday 28 September 2020,Monday,N,108,23114,4296,155,845,729,205,1574,29452
Tuesday 29 September 2020,Tuesday,S,132,23760,4234,190,885,741,186,1626,30128
Tuesday 29 September 2020,Tuesday,N,136,24358,4511,167,842,757,194,1599,30965
Wednesday 30 September 2020,Wednesday,S,65,23538,4239,197,912,715,165,1627,29831
Wednesday 30 September 2020,Wednesday,N,74,23940,4484,170,894,802,157,1696,30521
Thursday 1 October 2020,Thursday,S,117,24452,4373,177,849,730,159,1579,30857
Thursday 1 October 2020,Thursday,N,101,24676,4507,176,815,748,169,1563,31192
Friday 2 October 2020,Friday,S,131,26431,4290,165,837,676,180,1513,32710
Friday 2 October 2020,Friday,N,116,25614,4460,169,814,699,200,1513,32072
Saturday 3 October 2020,Saturday,S,98,20077,2201,115,225,222,139,447,23077
Saturday 3 October 2020,Saturday,N,98,19685,2097,105,229,219,141,448,22574
Sunday 4 October 2020,Sunday,S,42,13295,1050,73,94,103,56,197,14713
Sunday 4 October 2020,Sunday,N,39,15291,1154,75,97,121,57,218,16834
Monday 5 October 2020,Monday,S,99,23804,4219,186,893,728,163,1621,30092
Monday 5 October 2020,Monday,N,92,24741,4267,157,830,765,170,1595,31022
Tuesday 6 October 2020,Tuesday,S,92,25000,4242,168,863,742,170,1605,31277
Tuesday 6 October 2020,Tuesday,N,90,25246,4538,157,809,728,199,1537,31767
Wednesday 7 October 2020,Wednesday,S,45,15164,2328,148,569,664,152,1233,19070
Wednesday 7 October 2020,Wednesday,N,92,20851,3939,150,774,750,146,1524,26702
Thursday 8 October 2020,Thursday,S,42,15224,2625,161,609,619,149,1228,19429
Thursday 8 October 2020,Thursday,N,78,20532,4112,162,766,738,149,1504,26537
Friday 9 October 2020,Friday,S,119,17570,3557,159,755,704,132,1459,22996
Friday 9 October 2020,Friday,N,112,20391,4160,155,761,739,160,1500,26478
Saturday 10 October 2020,Saturday,S,70,11646,1762,89,255,285,113,540,14220
Saturday 10 October 2020,Saturday,N,80,13189,1858,83,244,282,127,526,15863
Sunday 11 October 2020,Sunday,S,76,9191,886,62,66,95,45,161,10421
Sunday 11 October 2020,Sunday,N,101,11229,1055,60,67,104,50,171,12666
Monday 12 October 2020,Monday,S,99,17576,3543,173,746,714,141,1460,22992
Monday 12 October 2020,Monday,N,76,20865,4044,149,748,756,172,1504,26810
Tuesday 13 October 2020,Tuesday,S,77,18458,3597,171,831,782,147,1613,24063
Tuesday 13 October 2020,Tuesday,N,99,21436,4110,157,819,766,154,1585,27541
Wednesday 14 October 2020,Wednesday,S,101,19299,3913,166,849,689,134,1538,25151
Wednesday 14 October 2020,Wednesday,N,101,21770,4265,169,832,744,160,1576,28041
Thursday 15 October 2020,Thursday,S,106,19489,3960,156,779,758,139,1537,25387
Thursday 15 October 2020,Thursday,N,93,21894,4383,159,789,782,151,1571,28251
Friday 16 October 2020,Friday,S,114,19415,3797,187,781,742,132,1523,25168
Friday 16 October 2020,Friday,N,106,21441,4133,179,780,804,164,1584,27607
Saturday 17 October 2020,Saturday,S,62,12165,1837,92,229,240,90,469,14715
Saturday 17 October 2020,Saturday,N,76,13742,1917,83,215,260,104,475,16397
Sunday 18 October 2020,Sunday,S,67,9862,909,69,86,116,49,202,11158
Sunday 18 October 2020,Sunday,N,106,12190,1121,68,72,125,60,197,13742
Monday 19 October 2020,Monday,S,76,18704,3803,166,772,783,112,1555,24416
Monday 19 October 2020,Monday,N,73,21644,4282,160,756,837,142,1593,27894
Tuesday 20 October 2020,Tuesday,S,77,20274,3930,178,813,807,143,1620,26222
Tuesday 20 October 2020,Tuesday,N,74,22539,4264,157,809,816,155,1625,28814
Wednesday 21 October 2020,Wednesday,S,101,21804,4270,187,828,750,180,1578,28120
Wednesday 21 October 2020,Wednesday,N,101,24549,4612,160,779,805,191,1584,31197
Thursday 22 October 2020,Thursday,S,86,16009,3815,164,815,803,138,1618,21830
Thursday 22 October 2020,Thursday,N,78,17527,4098,152,815,804,162,1619,23636
Friday 23 October 2020,Friday,S,84,16492,3710,183,798,743,131,1541,22141
Friday 23 October 2020,Friday,N,76,17812,3972,162,778,799,141,1577,23740
Saturday 24 October 2020,Saturday,S,36,7734,1528,81,205,253,69,458,9906
Saturday 24 October 2020,Saturday,N,38,8485,1607,88,196,236,67,432,10717
Sunday 25 October 2020,Sunday,S,33,5976,696,61,66,81,34,147,6947
Sunday 25 October 2020,Sunday,N,48,6921,716,61,56,90,31,146,7923
Monday 26 October 2020,Monday,S,26,6475,1021,78,123,203,39,326,7965
Monday 26 October 2020,Monday,N,33,7580,1190,59,121,216,55,337,9254
Tuesday 27 October 2020,Tuesday,S,66,14984,3703,148,794,769,150,1563,20614
Tuesday 27 October 2020,Tuesday,N,60,16459,3999,136,774,767,143,1541,22338
Wednesday 28 October 2020,Wednesday,S,85,15722,3645,143,804,712,170,1516,21281
Wednesday 28 October 2020,Wednesday,N,86,16794,3908,126,788,752,191,1540,22645
Thursday 29 October 2020,Thursday,S,59,15927,3765,146,829,724,135,1553,21585
Thursday 29 October 2020,Thursday,N,65,16966,4040,137,754,773,139,1527,22874
Friday 30 October 2020,Friday,S,98,16278,3846,144,828,635,134,1463,21963
Friday 30 October 2020,Friday,N,98,17140,4046,149,795,685,156,1480,23069
Saturday 31 October 2020,Saturday,S,27,8772,1590,79,215,238,54,453,10975
Saturday 31 October 2020,Saturday,N,39,9781,1652,79,184,225,62,409,12022
Sunday 1 November 2020,Sunday,S,19,6891,796,52,53,101,21,154,7933
Sunday 1 November 2020,Sunday,N,24,8292,858,62,57,115,24,172,9432
Monday 2 November 2020,Monday,S,61,16860,3626,160,749,690,147,1439,22293
Monday 2 November 2020,Monday,N,68,18870,3985,138,752,722,146,1474,24681
Tuesday 3 November 2020,Tuesday,S,94,17706,3930,142,877,718,155,1595,23622
Tuesday 3 November 2020,Tuesday,N,86,19434,4230,148,869,714,158,1583,25639
Wednesday 4 November 2020,Wednesday,S,99,18145,3940,158,805,734,138,1539,24019
Wednesday 4 November 2020,Wednesday,N,84,19861,4207,163,769,758,152,1527,25994
Thursday 5 November 2020,Thursday,S,86,18306,3881,155,827,721,150,1548,24126
Thursday 5 November 2020,Thursday,N,85,20044,4190,159,847,720,167,1567,26212
Friday 6 November 2020,Friday,S,95,19045,3969,160,805,692,129,1497,24895
Friday 6 November 2020,Friday,N,93,20250,4243,154,805,735,143,1540,26423
Saturday 7 November 2020,Saturday,S,52,10802,1906,82,185,237,87,422,13351
Saturday 7 November 2020,Saturday,N,61,11973,2018,67,196,222,88,418,14625
Sunday 8 November 2020,Sunday,S,51,8141,868,55,80,95,24,175,9314
Sunday 8 November 2020,Sunday,N,68,9945,1009,59,68,111,32,179,11292
Monday 9 November 2020,Monday,S,70,17507,3862,141,745,685,121,1430,23131
Monday 9 November 2020,Monday,N,75,19451,4247,149,730,691,126,1421,25469
Tuesday 10 November 2020,Tuesday,S,85,18341,3955,152,827,831,159,1658,24350
Tuesday 10 November 2020,Tuesday,N,89,20368,4301,144,826,832,156,1658,26716
Wednesday 11 November 2020,Wednesday,S,60,18438,3880,143,738,727,126,1465,24112
Wednesday 11 November 2020,Wednesday,N,59,19700,4212,150,770,771,123,1541,25785
Thursday 12 November 2020,Thursday,S,86,19016,3968,169,710,752,152,1462,24853
Thursday 12 November 2020,Thursday,N,99,20605,4360,157,708,823,148,1531,26900
Friday 13 November 2020,Friday,S,103,19376,4098,157,759,731,156,1490,25380
Friday 13 November 2020,Friday,N,95,20625,4436,152,734,781,162,1515,26985
Saturday 14 November 2020,Saturday,S,29,11351,1920,85,204,229,76,433,13894
Saturday 14 November 2020,Saturday,N,39,12352,2002,91,197,224,75,421,14980
Sunday 15 November 2020,Sunday,S,35,8616,908,59,74,113,37,187,9842
Sunday 15 November 2020,Sunday,N,22,10308,1037,61,58,104,31,162,11621
Monday 16 November 2020,Monday,S,80,17821,3880,144,712,747,122,1459,23506
Monday 16 November 2020,Monday,N,65,19688,4299,150,720,761,133,1481,25816
Tuesday 17 November 2020,Tuesday,S,107,18531,3972,155,707,698,143,1405,24313
Tuesday 17 November 2020,Tuesday,N,109,20400,4255,157,681,740,136,1421,26478
Wednesday 18 November 2020,Wednesday,S,82,19013,4042,152,783,794,154,1577,25020
Wednesday 18 November 2020,Wednesday,N,80,20639,4339,161,807,822,147,1629,26995
Thursday 19 November 2020,Thursday,S,100,19260,4122,162,708,773,161,1481,25286
Thursday 19 November 2020,Thursday,N,117,20713,4479,152,726,836,166,1562,27189
Friday 20 November 2020,Friday,S,74,19766,4227,167,694,784,156,1478,25868
Friday 20 November 2020,Friday,N,68,20733,4467,161,664,835,166,1499,27094
Saturday 21 November 2020,Saturday,S,57,11908,2029,79,198,251,80,449,14602
Saturday 21 November 2020,Saturday,N,74,13053,2107,67,203,240,75,443,15819
Sunday 22 November 2020,Sunday,S,63,9397,946,65,78,91,58,169,10698
Sunday 22 November 2020,Sunday,N,109,11339,1094,57,81,139,62,220,12881
Monday 23 November 2020,Monday,S,83,18384,3974,173,692,819,142,1511,24267
Monday 23 November 2020,Monday,N,80,20137,4340,163,697,868,165,1565,26450
Tuesday 24 November 2020,Tuesday,S,65,18857,4026,161,774,840,164,1614,24887
Tuesday 24 November 2020,Tuesday,N,75,20533,4232,156,773,842,148,1615,26759
Wednesday 25 November 2020,Wednesday,S,84,19617,4071,149,781,842,152,1623,25696
Wednesday 25 November 2020,Wednesday,N,98,21193,4453,152,756,852,163,1608,27667
Thursday 26 November 2020,Thursday,S,99,19925,4226,180,779,764,155,1543,26128
Thursday 26 November 2020,Thursday,N,85,21349,4591,154,779,833,138,1612,27929
Friday 27 November 2020,Friday,S,76,20421,4247,182,771,794,171,1565,26662
Friday 27 November 2020,Friday,N,81,21583,4542,182,802,818,172,1620,28180
Saturday 28 November 2020,Saturday,S,51,12935,2123,103,207,261,114,468,15794
Saturday 28 November 2020,Saturday,N,51,14029,2236,97,195,282,115,477,17005
Sunday 29 November 2020,Sunday,S,43,10023,1040,73,93,117,45,210,11434
Sunday 29 November 2020,Sunday,N,70,12072,1232,75,84,110,53,194,13696
Monday 30 November 2020,Monday,S,83,18841,3971,160,704,759,153,1463,24671
Monday 30 November 2020,Monday,N,78,20928,4303,150,697,809,171,1506,27136
Tuesday 1 December 2020,Tuesday,S,105,22354,4304,163,738,784,158,1522,28606
Tuesday 1 December 2020,Tuesday,N,93,23502,4541,159,775,769,142,1544,29981
Wednesday 2 December 2020,Wednesday,S,103,23425,4360,162,768,737,176,1505,29731
Wednesday 2 December 2020,Wednesday,N,96,24403,4489,149,763,745,185,1508,30830
Thursday 3 December 2020,Thursday,S,94,23910,4391,168,727,781,159,1508,30230
Thursday 3 December 2020,Thursday,N,84,24327,4765,166,740,829,164,1569,31075
Friday 4 December 2020,Friday,S,91,23517,4288,172,699,716,142,1415,29625
Friday 4 December 2020,Friday,N,71,24449,4932,163,709,750,151,1459,31225
Saturday 5 December 2020,Saturday,S,44,18415,2122,96,220,253,99,473,21249
Saturday 5 December 2020,Saturday,N,52,18804,2276,92,226,257,86,483,21793
Sunday 6 December 2020,Sunday,S,55,16686,1371,69,100,114,71,214,18466
Sunday 6 December 2020,Sunday,N,54,17602,1692,64,93,127,69,220,19701
Monday 7 December 2020,Monday,S,65,23239,4134,185,730,750,135,1480,29238
Monday 7 December 2020,Monday,N,48,24232,4577,165,728,800,128,1528,30678
Tuesday 8 December 2020,Tuesday,S,83,23864,4285,163,747,736,156,1483,30034
Tuesday 8 December 2020,Tuesday,N,76,24822,4700,158,755,797,148,1552,31456
Wednesday 9 December 2020,Wednesday,S,64,24473,4352,180,804,726,127,1530,30726
Wednesday 9 December 2020,Wednesday,N,79,25193,4595,176,806,747,150,1553,31746
Thursday 10 December 2020,Thursday,S,63,25301,4296,188,709,707,129,1416,31393
Thursday 10 December 2020,Thursday,N,68,26027,4588,153,703,765,137,1468,32441
Friday 11 December 2020,Friday,S,81,24588,4124,171,746,791,146,1537,30647
Friday 11 December 2020,Friday,N,83,26360,4663,169,746,804,148,1550,32973
Saturday 12 December 2020,Saturday,S,96,21561,2486,94,232,286,114,518,24869
Saturday 12 December 2020,Saturday,N,85,21581,2618,90,245,295,118,540,25032
Sunday 13 December 2020,Sunday,S,47,17090,1401,87,86,124,56,210,18891
Sunday 13 December 2020,Sunday,N,54,18072,1404,68,85,134,62,219,19879
Monday 14 December 2020,Monday,S,108,24119,4307,181,748,766,159,1514,30388
Monday 14 December 2020,Monday,N,98,25577,4469,172,709,819,155,1528,31999
Tuesday 15 December 2020,Tuesday,S,90,24450,4248,184,787,773,161,1560,30693
Tuesday 15 December 2020,Tuesday,N,75,26154,4579,164,810,819,153,1629,32754
Wednesday 16 December 2020,Wednesday,S,74,25386,4598,182,753,772,153,1525,31918
Wednesday 16 December 2020,Wednesday,N,64,26397,4808,163,758,802,155,1560,33147
Thursday 17 December 2020,Thursday,S,94,26483,4496,189,753,782,153,1535,32950
Thursday 17 December 2020,Thursday,N,81,27034,4885,167,738,854,153,1592,33912
Friday 18 December 2020,Friday,S,89,29925,4452,160,744,736,136,1480,36242
Friday 18 December 2020,Friday,N,75,29459,4760,157,733,739,147,1472,36070
Saturday 19 December 2020,Saturday,S,88,26360,2531,103,225,273,90,498,29670
Saturday 19 December 2020,Saturday,N,91,25638,2617,93,209,310,84,519,29042
Sunday 20 December 2020,Sunday,S,121,25489,1709,83,112,166,73,278,27753
Sunday 20 December 2020,Sunday,N,132,25968,1875,73,98,165,69,263,28380
Monday 21 December 2020,Monday,S,91,27925,4152,155,689,700,121,1389,33833
Monday 21 December 2020,Monday,N,70,28433,4340,172,671,736,115,1407,34537
Tuesday 22 December 2020,Tuesday,S,98,29361,4036,166,560,656,113,1216,34990
Tuesday 22 December 2020,Tuesday,N,89,28635,4323,146,516,672,107,1188,34488
Wednesday 23 December 2020,Wednesday,S,70,26081,3105,143,392,517,65,909,30373
Wednesday 23 December 2020,Wednesday,N,52,26371,3111,129,339,511,63,850,30576
Thursday 24 December 2020,Thursday,S,68,22637,1750,86,148,183,20,331,24892
Thursday 24 December 2020,Thursday,N,68,20831,1835,87,149,225,21,374,23216
Friday 25 December 2020,Friday,S,27,12576,645,1,11,0,1,11,13261
Friday 25 December 2020,Friday,N,43,12237,632,0,17,1,2,18,12932
Saturday 26 December 2020,Saturday,S,39,16119,944,36,28,41,10,69,17217
Saturday 26 December 2020,Saturday,N,45,15467,924,38,18,36,11,54,16539
Sunday 27 December 2020,Sunday,S,43,11600,865,51,66,93,6,159,12724
Sunday 27 December 2020,Sunday,N,33,12765,962,48,59,98,12,157,13977
Monday 28 December 2020,Monday,S,33,11545,1090,62,120,154,22,274,13026
Monday 28 December 2020,Monday,N,24,12586,1104,62,116,148,20,264,14060
Tuesday 29 December 2020,Tuesday,S,46,14395,1659,94,184,312,34,496,16724
Tuesday 29 December 2020,Tuesday,N,50,15109,1654,84,180,325,32,505,17434
Wednesday 30 December 2020,Wednesday,S,56,16237,1759,96,205,331,34,536,18718
Wednesday 30 December 2020,Wednesday,N,51,16832,1869,96,219,338,40,557,19445
Thursday 31 December 2020,Thursday,S,30,11892,1281,106,178,226,25,404,13738
Thursday 31 December 2020,Thursday,N,41,12256,1473,104,168,253,22,421,14317
Friday 1 January 2021,Friday,S,19,6096,524,46,42,67,9,109,6803
Friday 1 January 2021,Friday,N,22,6476,552,45,39,56,8,95,7198
Saturday 2 January 2021,Saturday,S,29,8245,1018,80,96,185,37,281,9690
Saturday 2 January 2021,Saturday,N,34,8874,1057,70,102,135,34,237,10306
Sunday 3 January 2021,Sunday,S,22,7286,708,50,60,94,14,154,8234
Sunday 3 January 2021,Sunday,N,16,8207,795,57,58,87,19,145,9239
Monday 4 January 2021,Monday,S,42,13431,2821,128,449,531,77,980,17479
Monday 4 January 2021,Monday,N,32,13910,2966,138,431,585,87,1016,18149
Tuesday 5 January 2021,Tuesday,S,52,14295,3138,145,526,636,98,1162,18890
Tuesday 5 January 2021,Tuesday,N,41,14406,3228,117,510,591,92,1101,18985
Wednesday 6 January 2021,Wednesday,S,46,14769,3342,147,616,631,119,1247,19670
Wednesday 6 January 2021,Wednesday,N,33,14911,3561,149,609,648,115,1257,20026
Thursday 7 January 2021,Thursday,S,47,14048,3289,132,569,641,109,1210,18835
Thursday 7 January 2021,Thursday,N,38,14080,3563,143,556,700,116,1256,19196
Friday 8 January 2021,Friday,S,35,14172,3428,159,562,658,107,1220,19121
Friday 8 January 2021,Friday,N,32,14116,3580,143,561,680,106,1241,19218
Saturday 9 January 2021,Saturday,S,21,8231,1168,78,137,290,37,427,9962
Saturday 9 January 2021,Saturday,N,22,8169,1315,67,169,258,40,427,10040
Sunday 10 January 2021,Sunday,S,24,6637,670,57,43,106,16,149,7553
Sunday 10 January 2021,Sunday,N,24,7148,708,61,45,131,17,176,8134
Monday 11 January 2021,Monday,S,54,12872,2636,139,412,604,69,1016,16786
Monday 11 January 2021,Monday,N,50,13396,2799,163,416,709,79,1125,17612
Tuesday 12 January 2021,Tuesday,S,47,12861,2763,140,417,565,71,982,16864
Tuesday 12 January 2021,Tuesday,N,48,12998,2914,145,433,541,78,974,17157
Wednesday 13 January 2021,Wednesday,S,62,13234,2783,141,449,555,83,1004,17307
Wednesday 13 January 2021,Wednesday,N,47,13375,2857,147,413,594,80,1007,17513
Thursday 14 January 2021,Thursday,S,84,13341,2864,132,469,561,70,1030,17521
Thursday 14 January 2021,Thursday,N,68,13434,3006,145,451,654,74,1105,17832
Friday 15 January 2021,Friday,S,65,13741,2961,146,438,558,97,996,18006
Friday 15 January 2021,Friday,N,63,13690,3019,145,431,603,95,1034,18046
Saturday 16 January 2021,Saturday,S,49,8526,1247,93,133,280,39,413,10367
Saturday 16 January 2021,Saturday,N,49,8529,1300,72,116,249,43,365,10358
Sunday 17 January 2021,Sunday,S,27,6326,743,53,46,73,22,119,7290
Sunday 17 January 2021,Sunday,N,40,6847,741,58,44,105,22,149,7857
Monday 18 January 2021,Monday,S,62,12936,2860,141,434,585,92,1019,17110
Monday 18 January 2021,Monday,N,48,13213,2993,134,437,708,106,1145,17639
Tuesday 19 January 2021,Tuesday,S,50,13023,2811,156,455,590,66,1045,17151
Tuesday 19 January 2021,Tuesday,N,41,13154,2978,111,430,549,70,979,17333
Wednesday 20 January 2021,Wednesday,S,41,13302,2839,130,449,555,67,1004,17383
Wednesday 20 January 2021,Wednesday,N,46,13390,3040,111,466,614,70,1080,17737
Thursday 21 January 2021,Thursday,S,58,13539,2947,145,510,533,78,1043,17810
Thursday 21 January 2021,Thursday,N,50,13398,3133,132,474,680,89,1154,17956
Friday 22 January 2021,Friday,S,70,14177,2997,145,457,568,74,1025,18488
Friday 22 January 2021,Friday,N,45,13941,3167,132,445,588,85,1033,18403
Saturday 23 January 2021,Saturday,S,43,8428,1316,86,130,265,48,395,10316
Saturday 23 January 2021,Saturday,N,32,8421,1422,78,131,264,55,395,10403
Sunday 24 January 2021,Sunday,S,15,5576,631,55,53,84,20,137,6434
Sunday 24 January 2021,Sunday,N,17,5901,778,45,66,122,19,188,6948
Monday 25 January 2021,Monday,S,31,13068,2817,145,459,585,79,1044,17184
Monday 25 January 2021,Monday,N,35,13052,3186,125,481,680,84,1161,17643
Tuesday 26 January 2021,Tuesday,S,50,13412,3011,151,555,583,90,1138,17852
Tuesday 26 January 2021,Tuesday,N,36,13526,3099,119,499,574,82,1073,17935
Wednesday 27 January 2021,Wednesday,S,64,13819,3007,134,495,587,79,1082,18185
Wednesday 27 January 2021,Wednesday,N,50,13927,3070,122,503,652,89,1155,18413
Thursday 28 January 2021,Thursday,S,53,13859,3076,136,493,596,72,1089,18285
Thursday 28 January 2021,Thursday,N,55,13975,3155,122,493,638,90,1131,18528
Friday 29 January 2021,Friday,S,78,14802,3239,146,496,623,78,1119,19462
Friday 29 January 2021,Friday,N,79,14418,3324,125,468,687,87,1155,19188
Saturday 30 January 2021,Saturday,S,22,8477,1266,86,118,265,45,383,10279
Saturday 30 January 2021,Saturday,N,21,8536,1332,72,131,242,51,373,10385
Sunday 31 January 2021,Sunday,S,23,6452,669,51,45,106,21,151,7367
Sunday 31 January 2021,Sunday,N,16,6904,768,57,36,98,20,134,7899
Monday 1 February 2021,Monday,S,51,13547,2944,138,456,588,70,1044,17794
Monday 1 February 2021,Monday,N,47,13882,3065,128,451,641,78,1092,18292
Tuesday 2 February 2021,Tuesday,S,65,14069,2985,152,483,664,82,1147,18500
Tuesday 2 February 2021,Tuesday,N,50,14091,3152,132,471,619,80,1090,18595
Wednesday 3 February 2021,Wednesday,S,82,14638,3134,153,503,633,81,1136,19224
Wednesday 3 February 2021,Wednesday,N,70,14684,3159,126,484,682,86,1166,19291
Thursday 4 February 2021,Thursday,S,77,14654,3234,122,515,638,74,1153,19314
Thursday 4 February 2021,Thursday,N,59,14695,3291,130,499,707,91,1206,19472
Friday 5 February 2021,Friday,S,84,15444,3233,162,480,616,88,1096,20107
Friday 5 February 2021,Friday,N,74,15301,3270,129,454,663,92,1117,19983
Saturday 6 February 2021,Saturday,S,34,9494,1463,87,139,303,42,442,11562
Saturday 6 February 2021,Saturday,N,27,9416,1465,89,134,309,53,443,11493
Sunday 7 February 2021,Sunday,S,22,6977,729,63,40,110,30,150,7971
Sunday 7 February 2021,Sunday,N,20,7379,738,65,45,141,20,186,8408
Monday 8 February 2021,Monday,S,42,13822,3036,141,492,642,87,1134,18262
Monday 8 February 2021,Monday,N,47,14097,3275,124,488,686,92,1174,18809
Tuesday 9 February 2021,Tuesday,S,42,14234,3131,144,508,680,93,1188,18832
Tuesday 9 February 2021,Tuesday,N,32,14120,3327,128,490,660,102,1150,18859
Wednesday 10 February 2021,Wednesday,S,43,14735,3235,148,530,644,95,1174,19430
Wednesday 10 February 2021,Wednesday,N,38,14544,3360,127,525,737,94,1262,19425
Thursday 11 February 2021,Thursday,S,36,14227,3193,124,452,561,91,1013,18684
Thursday 11 February 2021,Thursday,N,41,13888,3402,121,487,677,78,1164,18694
Friday 12 February 2021,Friday,S,52,15313,3221,144,413,640,89,1053,19872
Friday 12 February 2021,Friday,N,49,14870,3216,135,419,658,80,1077,19427
Saturday 13 February 2021,Saturday,S,18,8333,1202,78,131,217,28,348,10007
Saturday 13 February 2021,Saturday,N,20,8022,1320,73,131,222,26,353,9814
Sunday 14 February 2021,Sunday,S,11,7159,684,45,41,88,14,129,8042
Sunday 14 February 2021,Sunday,N,23,7464,729,52,34,87,15,121,8404
Monday 15 February 2021,Monday,S,65,15041,3234,135,475,612,91,1087,19653
Monday 15 February 2021,Monday,N,52,15172,3248,160,468,686,92,1154,19878
Tuesday 16 February 2021,Tuesday,S,57,15646,3339,156,493,627,85,1120,20403
Tuesday 16 February 2021,Tuesday,N,59,15421,3375,126,485,553,95,1038,20114
Wednesday 17 February 2021,Wednesday,S,78,15876,3404,134,498,614,108,1112,20712
Wednesday 17 February 2021,Wednesday,N,70,15808,3411,130,480,670,94,1150,20663
Thursday 18 February 2021,Thursday,S,71,16498,3469,141,515,609,109,1124,21412
Thursday 18 February 2021,Thursday,N,57,16058,3591,145,511,702,108,1213,21172
Friday 19 February 2021,Friday,S,64,16237,3400,139,516,585,86,1101,21027
Friday 19 February 2021,Friday,N,56,15739,3490,129,514,579,85,1093,20592
Saturday 20 February 2021,Saturday,S,29,10206,1467,89,126,289,64,415,12270
Saturday 20 February 2021,Saturday,N,20,10053,1543,72,120,210,51,330,12069
Sunday 21 February 2021,Sunday,S,63,8725,938,58,58,105,32,163,9979
Sunday 21 February 2021,Sunday,N,80,9078,941,74,59,167,32,226,10431
Monday 22 February 2021,Monday,S,94,15859,3360,143,460,616,94,1076,20626
Monday 22 February 2021,Monday,N,99,15976,3459,139,454,737,110,1191,20974
Tuesday 23 February 2021,Tuesday,S,39,15473,3167,161,511,610,82,1121,20043
Tuesday 23 February 2021,Tuesday,N,42,15249,3318,115,493,627,78,1120,19922
Wednesday 24 February 2021,Wednesday,S,58,16236,3532,134,531,626,90,1157,21207
Wednesday 24 February 2021,Wednesday,N,72,15937,3528,125,505,676,91,1181,20934
Thursday 25 February 2021,Thursday,S,83,17145,3605,139,554,638,108,1192,22272
Thursday 25 February 2021,Thursday,N,75,16780,3644,130,542,745,112,1287,22028
Friday 26 February 2021,Friday,S,100,17879,3619,152,550,654,145,1204,23099
Friday 26 February 2021,Friday,N,108,17139,3655,126,532,691,146,1223,22397
Saturday 27 February 2021,Saturday,S,91,11598,1689,108,144,294,69,438,13993
Saturday 27 February 2021,Saturday,N,74,11109,1716,79,137,261,73,398,13449
Sunday 28 February 2021,Sunday,S,68,9423,921,70,62,87,42,149,10673
Sunday 28 February 2021,Sunday,N,87,9940,941,68,56,122,36,178,11250
Monday 1 March 2021,Monday,S,77,16809,3523,133,481,625,132,1106,21780
Monday 1 March 2021,Monday,N,80,16879,3571,155,517,725,135,1242,22062
Tuesday 2 March 2021,Tuesday,S,79,17813,3598,175,561,701,120,1262,23047
Tuesday 2 March 2021,Tuesday,N,64,17622,3744,126,556,646,102,1202,22860
Wednesday 3 March 2021,Wednesday,S,81,17792,3641,149,587,639,132,1226,23021
Wednesday 3 March 2021,Wednesday,N,75,17514,3743,129,571,700,124,1271,22856
Thursday 4 March 2021,Thursday,S,90,18087,3636,147,613,634,115,1247,23322
Thursday 4 March 2021,Thursday,N,78,17768,3791,142,592,716,125,1308,23212
Friday 5 March 2021,Friday,S,100,19287,3778,143,605,687,139,1292,24739
Friday 5 March 2021,Friday,N,88,18591,3835,161,585,725,136,1310,24121
Saturday 6 March 2021,Saturday,S,72,12840,1848,99,161,315,60,476,15395
Saturday 6 March 2021,Saturday,N,52,12249,1792,88,135,335,69,470,14720
Sunday 7 March 2021,Sunday,S,74,9889,919,61,72,95,44,167,11154
Sunday 7 March 2021,Sunday,N,95,10238,1109,63,68,121,37,189,11731
Monday 8 March 2021,Monday,S,90,17334,3532,157,553,686,131,1239,22483
Monday 8 March 2021,Monday,N,82,17445,3708,164,566,777,135,1343,22877
Tuesday 9 March 2021,Tuesday,S,74,17744,3788,156,581,713,129,1294,23185
Tuesday 9 March 2021,Tuesday,N,72,17752,3831,134,554,709,124,1263,23176
Wednesday 10 March 2021,Wednesday,S,61,18031,3648,143,579,636,104,1215,23202
Wednesday 10 March 2021,Wednesday,N,50,17719,3729,138,556,731,100,1287,23023
Thursday 11 March 2021,Thursday,S,73,18338,3706,143,566,657,118,1223,23601
Thursday 11 March 2021,Thursday,N,70,18041,3838,120,564,654,128,1218,23415
Friday 12 March 2021,Friday,S,90,20127,3873,160,568,686,121,1254,25625
Friday 12 March 2021,Friday,N,85,19102,3970,127,579,678,113,1257,24654
Saturday 13 March 2021,Saturday,S,52,13731,1908,115,175,287,85,462,16353
Saturday 13 March 2021,Saturday,N,60,13106,1877,97,161,259,80,420,15640
Sunday 14 March 2021,Sunday,S,30,11464,1003,59,51,107,31,158,12745
Sunday 14 March 2021,Sunday,N,38,11842,982,73,52,244,40,296,13271
Monday 15 March 2021,Monday,S,103,18014,3723,161,585,670,139,1255,23395
Monday 15 March 2021,Monday,N,99,18416,3821,150,550,800,130,1350,23966
Tuesday 16 March 2021,Tuesday,S,129,19565,3979,177,649,700,139,1349,25338
Tuesday 16 March 2021,Tuesday,N,118,19319,3998,147,637,717,140,1354,25076
Wednesday 17 March 2021,Wednesday,S,84,8619,1226,67,134,249,40,383,10419
Wednesday 17 March 2021,Wednesday,N,96,8549,1179,70,122,258,40,380,10314
Thursday 18 March 2021,Thursday,S,112,18881,3725,148,615,612,132,1227,24225
Thursday 18 March 2021,Thursday,N,86,18866,3828,149,580,769,141,1349,24419
Friday 19 March 2021,Friday,S,130,19754,3758,158,585,660,145,1245,25190
Friday 19 March 2021,Friday,N,126,19311,3873,150,517,731,141,1248,24849
Saturday 20 March 2021,Saturday,S,84,12419,1840,103,180,323,97,503,15046
Saturday 20 March 2021,Saturday,N,86,11897,1800,98,173,304,104,477,14462
Sunday 21 March 2021,Sunday,S,95,10453,1042,59,77,104,42,181,11872
Sunday 21 March 2021,Sunday,N,110,11288,1060,60,56,123,35,179,12732
Monday 22 March 2021,Monday,S,85,18195,3771,145,589,675,156,1264,23616
Monday 22 March 2021,Monday,N,89,18641,3998,159,564,746,153,1310,24350
Tuesday 23 March 2021,Tuesday,S,95,18942,3870,172,587,707,141,1294,24514
Tuesday 23 March 2021,Tuesday,N,94,19131,4081,144,596,692,143,1288,24881
Wednesday 24 March 2021,Wednesday,S,116,19382,3932,171,601,675,138,1276,25015
Wednesday 24 March 2021,Wednesday,N,103,19625,4059,137,603,773,151,1376,25451
Thursday 25 March 2021,Thursday,S,93,19485,3979,171,600,662,147,1262,25137
Thursday 25 March 2021,Thursday,N,86,19586,4050,168,601,761,164,1362,25416
Friday 26 March 2021,Friday,S,87,20772,3996,184,617,678,132,1295,26466
Friday 26 March 2021,Friday,N,73,20240,4135,156,601,748,126,1349,26079
Saturday 27 March 2021,Saturday,S,63,13271,1797,117,178,341,95,519,15862
Saturday 27 March 2021,Saturday,N,58,12854,1807,80,165,288,68,453,15320
Sunday 28 March 2021,Sunday,S,34,9787,941,70,63,91,34,154,11020
Sunday 28 March 2021,Sunday,N,59,10413,965,68,59,116,36,175,11716
Monday 29 March 2021,Monday,S,101,16919,3580,159,583,662,128,1245,22132
Monday 29 March 2021,Monday,N,116,18013,3830,161,542,775,146,1317,23583
Tuesday 30 March 2021,Tuesday,S,114,17598,3732,175,646,706,187,1352,23158
Tuesday 30 March 2021,Tuesday,N,120,18561,4003,134,612,690,188,1302,24308
Wednesday 31 March 2021,Wednesday,S,111,17791,3797,177,664,737,133,1401,23410
Wednesday 31 March 2021,Wednesday,N,111,18604,4116,148,625,800,155,1425,24559
Thursday 1 April 2021,Thursday,S,95,18463,3774,165,691,660,164,1351,24012
Thursday 1 April 2021,Thursday,N,109,19135,4149,147,676,812,180,1488,25208
Friday 2 April 2021,Friday,S,82,15387,2982,171,429,590,120,1019,19761
Friday 2 April 2021,Friday,N,109,15773,3123,146,414,663,139,1077,20367
Saturday 3 April 2021,Saturday,S,75,11112,1608,91,151,211,63,362,13311
Saturday 3 April 2021,Saturday,N,91,11553,1699,84,149,254,60,403,13890
Sunday 4 April 2021,Sunday,S,52,7925,644,57,62,70,25,132,8835
Sunday 4 April 2021,Sunday,N,80,8892,709,56,45,56,19,101,9857
Monday 5 April 2021,Monday,S,31,8369,979,61,127,161,32,288,9760
Monday 5 April 2021,Monday,N,57,10396,1191,93,124,234,36,358,12131
Tuesday 6 April 2021,Tuesday,S,82,17230,3725,166,602,683,143,1285,22631
Tuesday 6 April 2021,Tuesday,N,70,18143,3863,138,580,704,154,1284,23652
Wednesday 7 April 2021,Wednesday,S,84,18148,3834,140,624,698,154,1322,23682
Wednesday 7 April 2021,Wednesday,N,81,18433,4060,132,629,743,180,1372,24258
Thursday 8 April 2021,Thursday,S,88,18618,3922,148,700,712,159,1412,24347
Thursday 8 April 2021,Thursday,N,90,18990,4090,116,654,740,163,1394,24843
Friday 9 April 2021,Friday,S,92,19523,4058,170,658,712,147,1370,25360
Friday 9 April 2021,Friday,N,71,19402,4091,167,634,834,173,1468,25372
Saturday 10 April 2021,Saturday,S,68,13431,1991,109,194,346,86,540,16225
Saturday 10 April 2021,Saturday,N,86,13689,1993,76,205,308,78,513,16435
Sunday 11 April 2021,Sunday,S,55,11018,1008,66,52,83,41,135,12323
Sunday 11 April 2021,Sunday,N,73,12212,1108,64,50,120,46,170,13673
Monday 12 April 2021,Monday,S,89,20915,4116,177,588,757,182,1345,26824
Monday 12 April 2021,Monday,N,101,21729,4274,175,576,809,163,1385,27827
Tuesday 13 April 2021,Tuesday,S,110,22130,4280,209,673,781,182,1454,28365
Tuesday 13 April 2021,Tuesday,N,106,22462,4452,174,665,762,172,1427,28793
Wednesday 14 April 2021,Wednesday,S,151,23018,4336,184,720,843,180,1563,29432
Wednesday 14 April 2021,Wednesday,N,158,23169,4446,175,706,875,180,1581,29709
Thursday 15 April 2021,Thursday,S,153,22990,4359,183,750,772,179,1522,29386
Thursday 15 April 2021,Thursday,N,126,22960,4536,164,745,846,172,1591,29549
Friday 16 April 2021,Friday,S,142,25037,4431,193,762,770,188,1532,31523
Friday 16 April 2021,Friday,N,141,24063,4648,182,756,823,177,1579,30790
Saturday 17 April 2021,Saturday,S,141,23036,2408,129,228,297,121,525,26360
Saturday 17 April 2021,Saturday,N,180,21892,2365,97,213,287,111,500,25145
Sunday 18 April 2021,Sunday,S,104,16272,1342,64,72,101,53,173,18008
Sunday 18 April 2021,Sunday,N,101,17538,1358,69,72,120,65,192,19323
Monday 19 April 2021,Monday,S,107,21760,4264,185,714,805,161,1519,27996
Monday 19 April 2021,Monday,N,109,22388,4392,185,684,882,171,1566,28811
Tuesday 20 April 2021,Tuesday,S,113,22263,4323,201,762,793,186,1555,28641
Tuesday 20 April 2021,Tuesday,N,113,22456,4531,151,761,779,191,1540,28982
Wednesday 21 April 2021,Wednesday,S,151,23364,4538,184,765,824,183,1589,30009
Wednesday 21 April 2021,Wednesday,N,151,23594,4641,161,751,895,183,1646,30376
Thursday 22 April 2021,Thursday,S,165,24314,4429,184,813,752,180,1565,30837
Thursday 22 April 2021,Thursday,N,164,24202,4616,166,780,813,184,1593,30925
Friday 23 April 2021,Friday,S,142,26114,4501,208,742,789,193,1531,32689
Friday 23 April 2021,Friday,N,149,24974,4599,189,740,856,203,1596,31710
Saturday 24 April 2021,Saturday,S,178,24148,2468,123,235,314,123,549,27589
Saturday 24 April 2021,Saturday,N,222,22667,2366,101,225,272,129,497,25982
Sunday 25 April 2021,Sunday,S,160,20559,1475,78,70,104,45,174,22491
Sunday 25 April 2021,Sunday,N,184,21703,1585,79,68,154,43,222,23816
Monday 26 April 2021,Monday,S,140,23901,4299,189,711,777,198,1488,30215
Monday 26 April 2021,Monday,N,151,24466,4609,183,688,846,199,1534,31142
Tuesday 27 April 2021,Tuesday,S,121,23482,4520,202,787,842,183,1629,30137
Tuesday 27 April 2021,Tuesday,N,110,23992,4622,177,765,821,197,1586,30684
Wednesday 28 April 2021,Wednesday,S,118,24074,4627,165,852,768,181,1620,30785
Wednesday 28 April 2021,Wednesday,N,105,24701,4674,157,788,850,179,1638,31454
Thursday 29 April 2021,Thursday,S,109,21984,4157,193,736,781,163,1517,28123
Thursday 29 April 2021,Thursday,N,108,24329,4689,182,734,864,198,1598,31104
Friday 30 April 2021,Friday,S,106,22960,4074,187,712,770,163,1482,28972
Friday 30 April 2021,Friday,N,105,24798,4650,185,734,914,186,1648,31572
Saturday 1 May 2021,Saturday,S,111,20103,2184,139,194,355,96,549,23182
Saturday 1 May 2021,Saturday,N,139,20586,2283,105,207,319,107,526,23746
Sunday 2 May 2021,Sunday,S,155,16899,1206,76,56,89,38,145,18519
Sunday 2 May 2021,Sunday,N,183,19424,1417,76,47,105,46,152,21298
Monday 3 May 2021,Monday,S,36,12756,1317,85,108,183,54,291,14539
Monday 3 May 2021,Monday,N,52,15758,1461,101,114,264,50,378,17800
Tuesday 4 May 2021,Tuesday,S,87,23310,4337,181,803,799,182,1602,29699
Tuesday 4 May 2021,Tuesday,N,90,24318,4583,155,776,830,202,1606,30954
Wednesday 5 May 2021,Wednesday,S,94,23733,4470,194,833,836,181,1669,30341
Wednesday 5 May 2021,Wednesday,N,74,24248,4767,178,793,904,190,1697,31154
Thursday 6 May 2021,Thursday,S,115,24478,4156,211,867,797,188,1664,30812
Thursday 6 May 2021,Thursday,N,123,25360,4856,183,858,891,206,1749,32477
Friday 7 May 2021,Friday,S,162,26933,4568,217,804,770,217,1574,33671
Friday 7 May 2021,Friday,N,144,26348,4678,182,821,872,213,1693,33258
Saturday 8 May 2021,Saturday,S,113,21547,2457,141,228,366,122,594,24974
Saturday 8 May 2021,Saturday,N,98,21278,2367,116,209,339,129,548,24536
Sunday 9 May 2021,Sunday,S,93,19323,1430,95,80,92,70,172,21183
Sunday 9 May 2021,Sunday,N,115,20889,1475,94,88,124,80,212,22865
Monday 10 May 2021,Monday,S,80,25588,4540,182,743,806,185,1549,32124
Monday 10 May 2021,Monday,N,88,26051,4590,195,698,880,176,1578,32678
Tuesday 11 May 2021,Tuesday,S,139,26720,4542,218,862,810,191,1672,33482
Tuesday 11 May 2021,Tuesday,N,147,27170,4786,164,797,817,182,1614,34063
Wednesday 12 May 2021,Wednesday,S,98,26435,4651,179,857,768,183,1625,33171
Wednesday 12 May 2021,Wednesday,N,96,26887,4937,166,814,817,174,1631,33891
Thursday 13 May 2021,Thursday,S,120,27773,4711,198,840,777,211,1617,34630
Thursday 13 May 2021,Thursday,N,133,27585,4964,172,833,862,188,1695,34737
Friday 14 May 2021,Friday,S,147,30303,4600,203,807,809,215,1616,37084
Friday 14 May 2021,Friday,N,150,28233,4902,190,842,889,215,1731,35421
Saturday 15 May 2021,Saturday,S,102,27982,2595,132,273,296,119,569,31499
Saturday 15 May 2021,Saturday,N,70,26262,2611,100,252,261,116,513,29672
Sunday 16 May 2021,Sunday,S,207,27554,1772,72,88,87,67,175,29847
Sunday 16 May 2021,Sunday,N,197,31199,2077,77,81,109,78,190,33818
Monday 17 May 2021,Monday,S,99,26039,4486,202,822,856,188,1678,32692
Monday 17 May 2021,Monday,N,113,27498,4778,181,842,946,190,1788,34548
Tuesday 18 May 2021,Tuesday,S,110,26787,4488,202,867,901,179,1768,33534
Tuesday 18 May 2021,Tuesday,N,84,27397,4875,161,849,887,200,1736,34453
Wednesday 19 May 2021,Wednesday,S,155,29032,4655,213,816,818,170,1634,35859
Wednesday 19 May 2021,Wednesday,N,156,29263,4882,187,814,904,182,1718,36388
Thursday 20 May 2021,Thursday,S,59,26082,4502,190,834,813,139,1647,32619
Thursday 20 May 2021,Thursday,N,67,26060,4577,166,824,851,141,1675,32686
Friday 21 May 2021,Friday,S,76,29601,4457,211,812,798,164,1610,36119
Friday 21 May 2021,Friday,N,70,27977,4727,179,796,874,151,1670,34774
Saturday 22 May 2021,Saturday,S,150,30899,2677,133,206,288,115,494,34468
Saturday 22 May 2021,Saturday,N,151,29237,2682,88,193,275,104,468,32730
Sunday 23 May 2021,Sunday,S,58,22157,1562,78,83,102,69,185,24109
Sunday 23 May 2021,Sunday,N,77,26539,1851,81,58,159,81,217,28846
Monday 24 May 2021,Monday,S,117,26171,4583,221,863,820,188,1683,32963
Monday 24 May 2021,Monday,N,115,27344,4786,195,771,911,171,1682,34293
Tuesday 25 May 2021,Tuesday,S,110,27013,4691,200,826,916,211,1742,33967
Tuesday 25 May 2021,Tuesday,N,106,27582,4847,184,816,962,198,1778,34695
Wednesday 26 May 2021,Wednesday,S,167,28813,4831,210,802,854,201,1656,35878
Wednesday 26 May 2021,Wednesday,N,220,29070,5084,182,755,929,188,1684,36428
Thursday 27 May 2021,Thursday,S,113,29055,4603,215,786,793,204,1579,35769
Thursday 27 May 2021,Thursday,N,139,29128,4988,188,815,875,197,1690,36330
Friday 28 May 2021,Friday,S,69,30307,4378,197,791,837,230,1628,36809
Friday 28 May 2021,Friday,N,100,28678,5002,186,777,944,179,1721,35866
Saturday 29 May 2021,Saturday,S,183,30164,2446,143,264,258,154,522,33612
Saturday 29 May 2021,Saturday,N,219,29402,2565,119,251,280,180,531,33016
Sunday 30 May 2021,Sunday,S,206,30112,1508,92,110,87,71,197,32186
Sunday 30 May 2021,Sunday,N,238,34470,1812,88,111,121,93,232,36933
Monday 31 May 2021,Monday,S,177,28940,4587,225,785,857,192,1642,35763
Monday 31 May 2021,Monday,N,170,30591,4942,178,763,931,183,1694,37758
Tuesday 1 June 2021,Tuesday,S,191,29158,4773,195,860,883,199,1743,36259
Tuesday 1 June 2021,Tuesday,N,206,30015,5022,174,809,873,198,1682,37297
Wednesday 2 June 2021,Wednesday,S,138,28975,4782,195,778,872,247,1650,35987
Wednesday 2 June 2021,Wednesday,N,107,29010,5030,177,741,957,216,1698,36238
Thursday 3 June 2021,Thursday,S,170,32036,4752,232,823,797,246,1620,39056
Thursday 3 June 2021,Thursday,N,184,30570,5012,193,805,857,217,1662,37838
Friday 4 June 2021,Friday,S,141,33034,4333,222,773,779,300,1552,39582
Friday 4 June 2021,Friday,N,191,29442,4917,177,785,865,213,1650,36590
Saturday 5 June 2021,Saturday,S,128,30712,2577,138,238,329,119,567,34241
Saturday 5 June 2021,Saturday,N,179,27419,2431,113,206,307,119,513,30774
Sunday 6 June 2021,Sunday,S,160,29354,1553,79,85,85,64,170,31380
Sunday 6 June 2021,Sunday,N,240,31285,1781,78,69,112,76,181,33641
Monday 7 June 2021,Monday,S,177,26969,1895,96,164,196,112,360,29609
Monday 7 June 2021,Monday,N,173,31811,2268,119,175,265,202,440,35013
Tuesday 8 June 2021,Tuesday,S,140,28945,4603,205,862,832,208,1694,35795
Tuesday 8 June 2021,Tuesday,N,135,32189,5066,169,800,866,190,1666,39415
Wednesday 9 June 2021,Wednesday,S,126,28874,4792,213,869,856,189,1725,35919
Wednesday 9 June 2021,Wednesday,N,134,29891,4975,173,830,912,197,1742,37112
Thursday 10 June 2021,Thursday,S,155,30663,4849,191,879,846,215,1725,37798
Thursday 10 June 2021,Thursday,N,174,30405,5034,174,854,934,212,1788,37787
Friday 11 June 2021,Friday,S,128,32144,4505,200,852,857,271,1709,38957
Friday 11 June 2021,Friday,N,167,30129,4801,176,880,936,196,1816,37285
Saturday 12 June 2021,Saturday,S,144,31116,2604,124,239,289,157,528,34673
Saturday 12 June 2021,Saturday,N,163,29388,2644,105,224,313,121,537,32958
Sunday 13 June 2021,Sunday,S,147,29903,1521,91,112,95,97,207,31966
Sunday 13 June 2021,Sunday,N,202,34813,1965,93,95,133,159,228,37460
Monday 14 June 2021,Monday,S,148,27378,4555,184,812,861,189,1673,34127
Monday 14 June 2021,Monday,N,148,29382,4838,186,782,903,187,1685,36426
Tuesday 15 June 2021,Tuesday,S,150,29030,4620,199,885,890,198,1775,35972
Tuesday 15 June 2021,Tuesday,N,153,29557,4850,151,840,890,190,1730,36631
Wednesday 16 June 2021,Wednesday,S,132,28859,4609,210,931,848,183,1779,35772
Wednesday 16 June 2021,Wednesday,N,193,29451,5079,161,889,891,182,1780,36846
Thursday 17 June 2021,Thursday,S,166,30161,4640,202,982,815,225,1797,37191
Thursday 17 June 2021,Thursday,N,185,29643,4958,176,927,919,222,1846,37030
Friday 18 June 2021,Friday,S,152,32481,4522,205,894,811,253,1705,39318
Friday 18 June 2021,Friday,N,199,30473,4771,187,879,873,221,1752,37603
Saturday 19 June 2021,Saturday,S,179,31090,2490,138,237,288,131,525,34553
Saturday 19 June 2021,Saturday,N,252,29903,2652,96,212,270,130,482,33515
Sunday 20 June 2021,Sunday,S,176,27350,1813,78,87,77,79,164,29660
Sunday 20 June 2021,Sunday,N,204,32167,2146,73,113,125,145,238,34973
Monday 21 June 2021,Monday,S,147,28173,4513,210,873,785,176,1658,34877
Monday 21 June 2021,Monday,N,165,29501,4711,192,859,866,201,1725,36495
Tuesday 22 June 2021,Tuesday,S,175,29273,4761,211,896,832,233,1728,36381
Tuesday 22 June 2021,Tuesday,N,165,29544,4902,167,899,859,217,1758,36753
Wednesday 23 June 2021,Wednesday,S,93,28550,4728,191,920,832,196,1752,35510
Wednesday 23 June 2021,Wednesday,N,115,29115,4940,161,905,886,190,1791,36312
Thursday 24 June 2021,Thursday,S,131,29465,4818,185,864,797,239,1661,36499
Thursday 24 June 2021,Thursday,N,125,29295,4928,174,839,888,221,1727,36470
Friday 25 June 2021,Friday,S,101,30545,4298,194,839,755,262,1594,36994
Friday 25 June 2021,Friday,N,113,29412,4994,161,887,859,204,1746,36630
Saturday 26 June 2021,Saturday,S,123,29793,2544,118,222,273,158,495,33231
Saturday 26 June 2021,Saturday,N,119,28498,2479,99,191,251,158,442,31795
Sunday 27 June 2021,Sunday,S,181,28898,1769,115,110,97,113,207,31283
Sunday 27 June 2021,Sunday,N,218,33317,2121,88,76,122,149,198,36091
Monday 28 June 2021,Monday,S,161,27984,4585,186,820,807,241,1627,34784
Monday 28 June 2021,Monday,N,161,29239,4824,176,806,864,222,1670,36292
Tuesday 29 June 2021,Tuesday,S,182,29660,4628,188,830,836,235,1666,36559
Tuesday 29 June 2021,Tuesday,N,182,29870,4799,168,813,848,216,1661,36896
Wednesday 30 June 2021,Wednesday,S,171,31587,4833,203,912,867,226,1779,38799
Wednesday 30 June 2021,Wednesday,N,184,31255,5096,172,842,915,225,1757,38689
Thursday 1 July 2021,Thursday,S,144,32561,4684,196,839,839,243,1678,39506
Thursday 1 July 2021,Thursday,N,158,31652,5019,184,836,935,237,1771,39021
Friday 2 July 2021,Friday,S,127,32862,4438,180,842,811,265,1653,39525
Friday 2 July 2021,Friday,N,163,30698,4823,172,794,870,241,1664,37761
Saturday 3 July 2021,Saturday,S,104,28978,2656,125,234,305,141,539,32543
Saturday 3 July 2021,Saturday,N,110,27799,2576,104,194,267,148,461,31198
Sunday 4 July 2021,Sunday,S,122,26347,1717,97,104,85,103,189,28575
Sunday 4 July 2021,Sunday,N,131,29785,1936,90,96,119,115,215,32272
Monday 5 July 2021,Monday,S,122,28953,4511,171,782,814,224,1596,35577
Monday 5 July 2021,Monday,N,128,30062,4788,157,727,896,217,1623,36975
Tuesday 6 July 2021,Tuesday,S,92,27599,4429,207,864,886,186,1750,34263
Tuesday 6 July 2021,Tuesday,N,111,28046,4826,142,799,892,211,1691,35027
Wednesday 7 July 2021,Wednesday,S,109,28858,4709,171,821,878,218,1699,35764
Wednesday 7 July 2021,Wednesday,N,147,29024,4855,152,773,932,195,1705,36078
Thursday 8 July 2021,Thursday,S,136,31480,4718,184,801,852,239,1653,38410
Thursday 8 July 2021,Thursday,N,139,30674,4999,178,777,936,220,1713,37923
Friday 9 July 2021,Friday,S,116,31052,4245,198,751,806,265,1557,37433
Friday 9 July 2021,Friday,N,134,30007,4725,153,747,887,207,1634,36860
Saturday 10 July 2021,Saturday,S,157,30644,2555,133,244,272,159,516,34164
Saturday 10 July 2021,Saturday,N,197,29600,2673,127,229,306,152,535,33284
Sunday 11 July 2021,Sunday,S,88,24429,1704,103,120,82,122,202,26648
Sunday 11 July 2021,Sunday,N,87,28335,1896,72,105,109,133,214,30737
Monday 12 July 2021,Monday,S,120,27949,4449,175,726,783,209,1509,34411
Monday 12 July 2021,Monday,N,128,29106,4759,154,708,866,198,1574,35919
Tuesday 13 July 2021,Tuesday,S,168,30653,4728,186,798,795,216,1593,37544
Tuesday 13 July 2021,Tuesday,N,156,30614,4858,156,773,827,204,1600,37588
Wednesday 14 July 2021,Wednesday,S,152,32045,4654,194,904,832,203,1736,38984
Wednesday 14 July 2021,Wednesday,N,205,31735,5139,147,878,938,226,1816,39268
Thursday 15 July 2021,Thursday,S,189,32969,4710,198,836,772,230,1608,39904
Thursday 15 July 2021,Thursday,N,188,31964,5004,166,827,839,242,1666,39230
Friday 16 July 2021,Friday,S,133,33408,4436,189,739,709,253,1448,39867
Friday 16 July 2021,Friday,N,215,31972,4714,154,753,826,241,1579,38875
Saturday 17 July 2021,Saturday,S,155,31425,2246,130,201,263,134,464,34554
Saturday 17 July 2021,Saturday,N,210,32471,2580,117,191,274,160,465,36003
Sunday 18 July 2021,Sunday,S,210,29940,1799,84,95,99,112,194,32339
Sunday 18 July 2021,Sunday,N,255,35090,2162,84,94,131,163,225,37979
Monday 19 July 2021,Monday,S,151,31013,4390,191,756,766,220,1522,37487
Monday 19 July 2021,Monday,N,168,32257,4738,175,735,854,206,1589,39133
Tuesday 20 July 2021,Tuesday,S,167,32954,4666,206,847,781,207,1628,39828
Tuesday 20 July 2021,Tuesday,N,176,32466,4806,154,796,812,209,1608,39419
Wednesday 21 July 2021,Wednesday,S,167,33701,4644,202,811,778,195,1589,40498
Wednesday 21 July 2021,Wednesday,N,182,33475,4862,169,761,857,209,1618,40515
Thursday 22 July 2021,Thursday,S,139,30690,4133,175,781,784,209,1565,36911
Thursday 22 July 2021,Thursday,N,195,32223,4826,163,767,841,233,1608,39248
Friday 23 July 2021,Friday,S,182,33238,4410,176,751,776,228,1527,39761
Friday 23 July 2021,Friday,N,186,31717,4681,162,741,841,239,1582,38567
Saturday 24 July 2021,Saturday,S,176,30633,2537,130,202,258,123,460,34059
Saturday 24 July 2021,Saturday,N,165,29368,2586,112,172,285,130,457,32818
Sunday 25 July 2021,Sunday,S,178,28907,1754,93,95,103,123,198,31253
Sunday 25 July 2021,Sunday,N,225,33094,2077,68,92,137,126,229,35819
Monday 26 July 2021,Monday,S,141,28134,4249,180,713,751,209,1464,34377
Monday 26 July 2021,Monday,N,139,29612,4631,159,691,809,211,1500,36252
Tuesday 27 July 2021,Tuesday,S,91,28247,4298,181,756,774,187,1530,34534
Tuesday 27 July 2021,Tuesday,N,89,28558,4647,156,741,757,185,1498,35133
Wednesday 28 July 2021,Wednesday,S,109,29035,4537,190,809,699,190,1508,35569
Wednesday 28 July 2021,Wednesday,N,108,29096,4780,147,787,764,190,1551,35872
Thursday 29 July 2021,Thursday,S,145,31238,4623,176,835,689,229,1524,37935
Thursday 29 July 2021,Thursday,N,141,30097,4750,165,817,778,230,1595,36978
Friday 30 July 2021,Friday,S,73,31565,4180,183,748,651,214,1399,37614
Friday 30 July 2021,Friday,N,82,28846,4405,183,731,746,238,1477,35231
Saturday 31 July 2021,Saturday,S,102,29552,2612,130,226,272,138,498,33032
Saturday 31 July 2021,Saturday,N,130,25925,2388,108,162,249,123,411,29085
Sunday 1 August 2021,Sunday,S,144,27093,1690,84,97,98,85,195,29291
Sunday 1 August 2021,Sunday,N,147,27521,1681,84,82,120,98,202,29733
Monday 2 August 2021,Monday,S,136,24936,1942,88,155,192,133,347,27582
Monday 2 August 2021,Monday,N,140,29759,2370,85,123,271,135,394,32883
Tuesday 3 August 2021,Tuesday,S,117,28138,4353,202,719,700,176,1419,34405
Tuesday 3 August 2021,Tuesday,N,127,29703,4685,160,674,745,185,1419,36279
Wednesday 4 August 2021,Wednesday,S,123,30600,4375,205,805,754,189,1559,37051
Wednesday 4 August 2021,Wednesday,N,134,30932,4624,166,762,810,185,1572,37613
Thursday 5 August 2021,Thursday,S,94,28270,4277,174,736,675,151,1411,34377
Thursday 5 August 2021,Thursday,N,65,28761,4505,165,700,796,181,1496,35173
Friday 6 August 2021,Friday,S,102,32056,4508,189,740,710,208,1450,38513
Friday 6 August 2021,Friday,N,111,31089,4707,179,729,796,212,1525,37823
Saturday 7 August 2021,Saturday,S,90,27429,2464,129,239,297,139,536,30787
Saturday 7 August 2021,Saturday,N,87,26971,2524,114,230,317,152,547,30395
Sunday 8 August 2021,Sunday,S,132,26105,1760,90,117,94,132,211,28430
Sunday 8 August 2021,Sunday,N,146,29642,2014,76,104,109,138,213,32229
Monday 9 August 2021,Monday,S,117,28157,4454,155,732,722,169,1454,34506
Monday 9 August 2021,Monday,N,102,29410,4724,163,669,772,173,1441,36013
Tuesday 10 August 2021,Tuesday,S,142,29719,4410,176,750,768,170,1518,36135
Tuesday 10 August 2021,Tuesday,N,158,30639,4640,161,711,777,186,1488,37272
Wednesday 11 August 2021,Wednesday,S,105,29459,4574,192,826,756,189,1582,36101
Wednesday 11 August 2021,Wednesday,N,114,29971,4837,146,744,820,202,1564,36834
Thursday 12 August 2021,Thursday,S,135,31226,4523,169,846,744,221,1590,37864
Thursday 12 August 2021,Thursday,N,161,30734,4809,157,823,822,209,1645,37715
Friday 13 August 2021,Friday,S,123,32643,4352,219,756,744,220,1500,39057
Friday 13 August 2021,Friday,N,140,30822,4521,173,749,800,225,1549,37430
Saturday 14 August 2021,Saturday,S,79,27049,2517,144,204,271,130,475,30394
Saturday 14 August 2021,Saturday,N,86,26747,2512,116,191,257,135,448,30044
Sunday 15 August 2021,Sunday,S,164,25979,1928,81,97,109,122,206,28480
Sunday 15 August 2021,Sunday,N,176,29516,2016,71,82,104,126,186,32091
Monday 16 August 2021,Monday,S,127,28227,4499,176,788,733,218,1521,34768
Monday 16 August 2021,Monday,N,138,29353,4788,179,762,810,194,1572,36224
Tuesday 17 August 2021,Tuesday,S,137,29241,4510,193,897,785,187,1682,35950
Tuesday 17 August 2021,Tuesday,N,134,29296,4634,158,856,786,204,1642,36068
Wednesday 18 August 2021,Wednesday,S,147,30696,4567,200,812,751,197,1563,37370
Wednesday 18 August 2021,Wednesday,N,163,30953,4842,153,760,780,209,1540,37860
Thursday 19 August 2021,Thursday,S,125,30236,4606,175,832,797,231,1629,37002
Thursday 19 August 2021,Thursday,N,127,30446,4859,165,732,834,228,1566,37391
Friday 20 August 2021,Friday,S,84,31339,4133,188,781,732,236,1513,37493
Friday 20 August 2021,Friday,N,99,29992,4696,164,768,798,214,1566,36731
Saturday 21 August 2021,Saturday,S,81,27388,2562,126,268,282,121,550,30828
Saturday 21 August 2021,Saturday,N,67,26911,2436,111,249,297,143,546,30214
Sunday 22 August 2021,Sunday,S,154,27133,1807,81,92,99,111,191,29477
Sunday 22 August 2021,Sunday,N,176,30394,2144,76,92,114,150,206,33146
Monday 23 August 2021,Monday,S,130,30296,4458,202,790,782,191,1572,36849
Monday 23 August 2021,Monday,N,161,30770,4674,165,758,841,195,1599,37564
Tuesday 24 August 2021,Tuesday,S,164,31897,4568,172,776,794,196,1570,38567
Tuesday 24 August 2021,Tuesday,N,192,32104,4794,135,758,792,224,1550,38999
Wednesday 25 August 2021,Wednesday,S,126,32090,4348,186,837,833,211,1670,38631
Wednesday 25 August 2021,Wednesday,N,157,32461,4621,174,787,890,202,1677,39292
Thursday 26 August 2021,Thursday,S,164,33190,4841,201,903,758,196,1661,40253
Thursday 26 August 2021,Thursday,N,179,33279,4976,182,854,824,206,1678,40500
Friday 27 August 2021,Friday,S,130,34417,4434,173,816,793,234,1609,40997
Friday 27 August 2021,Friday,N,175,32198,4866,155,753,838,225,1591,39210
Saturday 28 August 2021,Saturday,S,166,31921,2440,130,226,288,160,514,35331
Saturday 28 August 2021,Saturday,N,170,32039,2677,129,213,320,171,533,35719
Sunday 29 August 2021,Sunday,S,151,27586,1941,120,121,113,133,234,30165
Sunday 29 August 2021,Sunday,N,212,33050,2270,94,119,150,157,269,36052
Monday 30 August 2021,Monday,S,145,27589,4465,196,722,762,173,1484,34052
Monday 30 August 2021,Monday,N,128,29707,4765,190,703,848,213,1551,36554
Tuesday 31 August 2021,Tuesday,S,119,28055,4528,197,763,806,175,1569,34643
Tuesday 31 August 2021,Tuesday,N,122,29157,4791,175,720,808,180,1528,35953
